Company Name,Ticker,Sector,Exchange,Market Cap
AMER AIRLINES,AAL,Transportation,NSDQ,27873.85
APPLIED OPTOELE,AAOI,Computer and Technology,NSDQ,326.5
AAON INC,AAON,Construction,NSDQ,1228.91
APPLE INC,AAPL,Computer and Technology,NSDQ,658778.44
AVALANCHE BIOT,AAVL,Medical,NSDQ,357.41
ATLAS AIR WORLD,AAWW,Transportation,NSDQ,1127.13
ABAXIS INC,ABAX,Medical,NSDQ,1103.45
AMERIS BANCORP,ABCB,Finance,NSDQ,899.25
ADVISORY BOARD,ABCO,Medical,NSDQ,2007.08
ANCHOR BANCP WI,ABCW,Finance,NSDQ,381.22
ABENGOA SA,ABGB,Industrial Products,NSDQ,902.68
ABIOMED INC,ABMD,Medical,NSDQ,4023.63
ARBUTUS BIOPH,ABUS,Medical,NSDQ,548.2
ABENGOA YIELD,ABY,Utilities,NSDQ,2257.89
ACADIA PHARMA,ACAD,Medical,NSDQ,3925.62
AMER CAP LTD,ACAS,Finance,NSDQ,3726.07
ARCTIC CAT INC,ACAT,Consumer Discretionary,NSDQ,374.08
ACETO CORP,ACET,Basic Materials,NSDQ,711.3
ARCH CAP GP LTD,ACGL,Finance,NSDQ,8827.78
ACADIA HEALTHCR,ACHC,Medical,NSDQ,5801.06
ACHILLION PHARM,ACHN,Medical,NSDQ,893.45
ACI WORLDWIDE,ACIW,Computer and Technology,NSDQ,2671.64
AXCELIS TECH,ACLS,Computer and Technology,NSDQ,364.43
ACORDA THERAPT,ACOR,Medical,NSDQ,1375.73
ACTUA CORP,ACTA,Computer and Technology,NSDQ,531.77
ACACIA RESEARCH,ACTG,Business Services,NSDQ,451.79
ISHRS-MSCI ACWI,ACWI,Finance,NSDQ,6455.18
ACXIOM CORP,ACXM,Computer and Technology,NSDQ,1564.21
ADAPTIMMUNE THR,ADAP,Medical,NSDQ,969.05
ADOBE SYSTEMS,ADBE,Computer and Technology,NSDQ,41150.27
ANALOG DEVICES,ADI,Computer and Technology,NSDQ,18690.24
ADAMAS PHARMA,ADMS,Medical,NSDQ,450.51
AUTOMATIC DATA,ADP,Business Services,NSDQ,37698.08
ADURO BIOTECH,ADRO,Medical,NSDQ,1444.47
AUTODESK INC,ADSK,Computer and Technology,NSDQ,12072.38
ADTRAN INC,ADTN,Computer and Technology,NSDQ,872.3
ADDUS HOMECARE,ADUS,Medical,NSDQ,319.92
ADVAXIS INC,ADXS,Medical,NSDQ,459.64
AEGION CORP,AEGN,Construction,NSDQ,676.2
AEGERION PHARMA,AEGR,Medical,NSDQ,518.84
ADV ENERGY INDS,AEIS,Computer and Technology,NSDQ,1105.31
AERIE PHARMACT,AERI,Medical,NSDQ,400.41
ALMOST FAMILY,AFAM,Medical,NSDQ,473.72
AFFYMETRIX INC,AFFX,Medical,NSDQ,807.78
AFFIMED THERAP,AFMD,Medical,NSDQ,383.17
ALLIANCE FIBER,AFOP,Computer and Technology,NSDQ,339.49
AMTRUST FIN SVC,AFSI,Finance,NSDQ,5566.41
AGENUS INC,AGEN,Medical,NSDQ,651.7
AGROFRESH SOL,AGFS,Unclassified,NSDQ,318.35
ARGO GROUP INTL,AGII,Finance,NSDQ,1610.34
AGIOS PHARMACT,AGIO,Medical,NSDQ,3655.02
AMER CAP AGENCY,AGNC,Finance,NSDQ,6710.91
ALLIANCE HLDGS,AHGP,Oils-Energy,NSDQ,2208.94
ALTRA INDUS MOT,AIMC,Industrial Products,NSDQ,660.64
APOLLO INV CP,AINV,Finance,NSDQ,1612.21
AIR METHODS CRP,AIRM,Medical,NSDQ,1607.98
AIXTRON AG-ADR,AIXG,Computer and Technology,NSDQ,675.16
AKAMAI TECH,AKAM,Computer and Technology,NSDQ,13340.87
AKORN INC,AKRX,Medical,NSDQ,4928.63
ALICO INC,ALCO,Consumer Staples,NSDQ,345.28
ALDER BIOPHARMA,ALDR,Medical,NSDQ,1790.29
ALIGN TECH INC,ALGN,Medical,NSDQ,4863.14
ALLEGIANT TRAVL,ALGT,Transportation,NSDQ,3735.6
ALKERMES INC,ALKS,Medical,NSDQ,10041.11
ALNYLAM PHARMA,ALNY,Medical,NSDQ,8919
ANALOGIC CORP,ALOG,Computer and Technology,NSDQ,973.01
ALARM.COM HLDGS,ALRM,Industrial Products,NSDQ,763.73
ALTERA CORP,ALTR,Computer and Technology,NSDQ,15044.96
ALEXION PHARMA,ALXN,Medical,NSDQ,42883.51
AMAG PHARMA INC,AMAG,Medical,NSDQ,2213.21
APPLD MATLS INC,AMAT,Computer and Technology,NSDQ,20912.53
AMBARELLA INC,AMBA,Computer and Technology,NSDQ,3603.59
AMBAC FINL GRP,AMBC,Finance,NSDQ,674.61
APPLD MICRO CIR,AMCC,Computer and Technology,NSDQ,519.35
AIRMEDIA GP-ADR,AMCN,Business Services,NSDQ,307.39
AMC NETWORKS- A,AMCX,Consumer Discretionary,NSDQ,5496.25
ADV MICRO DEV,AMD,Computer and Technology,NSDQ,1628.48
AMEDISYS INC,AMED,Medical,NSDQ,1570.52
AMGEN INC,AMGN,Medical,NSDQ,130783.29
AMKOR TECH INC,AMKR,Computer and Technology,NSDQ,999.43
AMPHASTAR PHARM,AMPH,Medical,NSDQ,673.99
ALBANY MOL RSCH,AMRI,Medical,NSDQ,695.48
AMARIN CORP PLC,AMRN,Medical,NSDQ,412.67
AMERISAFE INC,AMSF,Finance,NSDQ,933.39
AMSURG CORP,AMSG,Medical,NSDQ,3991.17
AMER WOODMARK,AMWD,Consumer Discretionary,NSDQ,1010.98
AMAZON.COM INC,AMZN,Retail-Wholesale,NSDQ,244434.59
ANACOR PHARMACT,ANAC,Medical,NSDQ,6201.11
AMER NAT INSUR,ANAT,Finance,NSDQ,2784.34
ANDERSONS INC,ANDE,Basic Materials,NSDQ,1050.73
ANGIODYNAMICS,ANGO,Medical,NSDQ,553.86
ANIKA THERAPEUT,ANIK,Medical,NSDQ,530.41
ANI PHARMACEUT,ANIP,Medical,NSDQ,620.23
ANSYS INC,ANSS,Computer and Technology,NSDQ,8417.02
ANTHERA PHARMA,ANTH,Medical,NSDQ,374.27
AMER PUB EDUCAT,APEI,Consumer Discretionary,NSDQ,406.36
APOGEE ENTRPRS,APOG,Industrial Products,NSDQ,1545.89
APOLLO GROUP,APOL,Consumer Discretionary,NSDQ,1332.98
ACCURAY INC,ARAY,Medical,NSDQ,504.73
ARCBEST CORP,ARCB,Transportation,NSDQ,852.25
ARES CAP CP,ARCC,Finance,NSDQ,4943.45
ARDELYX INC,ARDX,Medical,NSDQ,473.93
ARIAD PHARMA,ARIA,Medical,NSDQ,1432.03
AMER RAILCAR,ARII,Transportation,NSDQ,834.65
ALLIANCE RES,ARLP,Oils-Energy,NSDQ,1745.67
ARM HOLDNGS ADR,ARMH,Computer and Technology,NSDQ,20978.5
ARENA PHARMA,ARNA,Medical,NSDQ,851.98
ARROW FINL CORP,AROW,Finance,NSDQ,350.79
ARRIS GROUP INC,ARRS,Computer and Technology,NSDQ,4032.69
ARRAY BIOPHARMA,ARRY,Medical,NSDQ,811.51
ARROWHEAD RSRCH,ARWR,Medical,NSDQ,363.53
ASCENT CAP GRP,ASCMA,Industrial Products,NSDQ,515.15
ASM INTL NV,ASMI,Computer and Technology,NSDQ,2507.52
ASML HOLDING NV,ASML,Computer and Technology,NSDQ,41760.42
ASCENA RETAIL,ASNA,Retail-Wholesale,NSDQ,2024.34
ASCENDIS PHARMA,ASND,Medical,NSDQ,460.99
ALTISOURCE PORT,ASPS,Finance,NSDQ,581.75
ASTEC INDS INC,ASTE,Industrial Products,NSDQ,874.73
AMERICA FST TAX,ATAX,Finance,NSDQ,324.16
ATHENAHEALTH IN,ATHN,Medical,NSDQ,5229.27
ATMEL CORP,ATML,Computer and Technology,NSDQ,3380.76
ATLANTIC TELE-N,ATNI,Utilities,NSDQ,1142.53
ATARA BIOTHERP,ATRA,Medical,NSDQ,1440.62
ATRICURE INC,ATRC,Medical,NSDQ,769.07
ATRION CORP,ATRI,Medical,NSDQ,718.68
ASTRONICS CORP,ATRO,Aerospace,NSDQ,1162.68
ANTARES PHARMA,ATRS,Medical,NSDQ,301.98
AIR TRANSPT SVC,ATSG,Transportation,NSDQ,636.69
ACTIVISION BLZD,ATVI,Consumer Discretionary,NSDQ,20899.63
AEROVIRONMENT,AVAV,Aerospace,NSDQ,608.01
AVAGO TECHNOLOG,AVGO,Computer and Technology,NSDQ,31829.91
AV HOMES INC,AVHI,Finance,NSDQ,326.16
AVID TECH INC,AVID,Computer and Technology,NSDQ,452.73
HOMEAWAY INC,AWAY,Consumer Discretionary,NSDQ,2920.9
ACCELERATE DIAG,AXDX,Medical,NSDQ,1031.76
AMAYA INC,AYA,Computer and Technology,NSDQ,2984.43
ASPEN TECH INC,AZPN,Computer and Technology,NSDQ,3595.52
NATUS MEDICAL,BABY,Medical,NSDQ,1479.8
BANCFIRST OKLA,BANF,Finance,NSDQ,989.9
BANNER CORP,BANR,Finance,NSDQ,989.83
BED BATH&BEYOND,BBBY,Retail-Wholesale,NSDQ,10735.43
BBCN BANCORP,BBCN,Finance,NSDQ,1233.82
BREITBURN EGY,BBEP,Oils-Energy,NSDQ,641.29
BLACKBERRY LTD,BBRY,Computer and Technology,NSDQ,4009.5
B COMMUNICATION,BCOM,Utilities,NSDQ,582.15
BLUCORA INC,BCOR,Computer and Technology,NSDQ,559.96
BALCHEM CP CL-B,BCPC,Basic Materials,NSDQ,1918.87
BIOCRYST PHARMA,BCRX,Medical,NSDQ,790.48
BOULDER BRANDS,BDBD,Consumer Staples,NSDQ,566.84
BLACK DIAMOND,BDE,Consumer Discretionary,NSDQ,306.18
BRIDGE BANCORP,BDGE,Finance,NSDQ,324.13
BIODELIVERY SCI,BDSI,Medical,NSDQ,364.85
BIOTELEMETRY,BEAT,Medical,NSDQ,331.65
B/E AEROSPACE,BEAV,Aerospace,NSDQ,5349.54
BEACON ROOFING,BECN,Retail-Wholesale,NSDQ,1720.96
BGC PARTNRS INC,BGCP,Finance,NSDQ,2395.55
BLUE HILLS BCP,BHBK,Finance,NSDQ,411.06
BAIDU INC,BIDU,Computer and Technology,NSDQ,61893.88
BIOGEN INC,BIIB,Medical,NSDQ,72667.23
BJ'S RESTAURANT,BJRI,Retail-Wholesale,NSDQ,1252.3
BLACKROCK KELSO,BKCC,Finance,NSDQ,701.18
BANK MUTUAL CRP,BKMU,Finance,NSDQ,335.28
BELLICUM PHARM,BLCM,Medical,NSDQ,476.12
BUILDERS FIRSTS,BLDR,Retail-Wholesale,NSDQ,1584.17
BLACKBAUD INC,BLKB,Computer and Technology,NSDQ,2781.03
BLOOMIN BRANDS,BLMN,Retail-Wholesale,NSDQ,2778.17
BLUEBIRD BIO,BLUE,Medical,NSDQ,5517.57
BIOMARIN PHARMA,BMRN,Medical,NSDQ,21549.44
BRYN MAWR BK CP,BMTC,Finance,NSDQ,520.77
BENEFICIAL BCP,BNCL,Finance,NSDQ,1061.8
BNC BANCORP,BNCN,Finance,NSDQ,858.79
BENEFITFOCUS,BNFT,Computer and Technology,NSDQ,1082.87
BOB EVANS FARMS,BOBE,Retail-Wholesale,NSDQ,1051.41
BOFI HLDG INC,BOFI,Finance,NSDQ,2039.2
BOJANGLES INC,BOJA,Retail-Wholesale,NSDQ,894.1
BOK FINL CORP,BOKF,Finance,NSDQ,4575.19
BONA FILM-ADR,BONA,Consumer Discretionary,NSDQ,742.34
BOSTON PRIV FIN,BPFH,Finance,NSDQ,1042.58
BLUEPRINT MED,BPMC,Medical,NSDQ,717.9
POPULAR INC,BPOP,Finance,NSDQ,3172.4
BROCADE COMM SY,BRCD,Computer and Technology,NSDQ,4209.39
BROADCOM CORP-A,BRCM,Computer and Technology,NSDQ,30544.24
BROOKLINE BC,BRKL,Finance,NSDQ,779.73
BRUKER CORP,BRKR,Computer and Technology,NSDQ,3347.02
BROOKS AUTOMATN,BRKS,Computer and Technology,NSDQ,757.81
BIO REFERNC LAB,BRLI,Medical,NSDQ,1043.18
BASSETT FURNITR,BSET,Consumer Discretionary,NSDQ,344.08
BEAR STATE FINL,BSF,Finance,NSDQ,306.95
BROADSOFT INC,BSFT,Computer and Technology,NSDQ,1006.6
BIOSPECIFICS TE,BSTC,Medical,NSDQ,407.77
BLUE BUFFALO,BUFF,Consumer Staples,NSDQ,5407.61
FIRST BUSEY-A,BUSE,Finance,NSDQ,548.32
BAZAARVOICE INC,BV,Computer and Technology,NSDQ,440.46
BALDWIN&LYONS A,BWINA,Finance,NSDQ,349.21
BALDWIN&LYONS B,BWINB,Finance,NSDQ,344.26
BUFFALO WLD WNG,BWLD,Retail-Wholesale,NSDQ,3663.81
CA INC,CA,Computer and Technology,NSDQ,12833.15
CAMDEN NTL CORP,CAC,Finance,NSDQ,301.5
CASCADE BANCORP,CACB,Finance,NSDQ,400.67
CREDIT ACCEPT,CACC,Finance,NSDQ,4761.85
CEASERS ACQ-A,CACQ,Consumer Discretionary,NSDQ,967.17
CHEESECAKE FACT,CAKE,Retail-Wholesale,NSDQ,2756.08
CALLIDUS SOFTWR,CALD,Computer and Technology,NSDQ,875.54
CAL-MAINE FOODS,CALM,Consumer Staples,NSDQ,2645.08
CALAMP CORP,CAMP,Computer and Technology,NSDQ,593.67
AVIS BUDGET GRP,CAR,Business Services,NSDQ,4464.59
CARA THERAPEUTC,CARA,Medical,NSDQ,568.97
CARBONITE INC,CARB,Computer and Technology,NSDQ,318.7
META FINL GRP,CASH,Finance,NSDQ,338.09
CASS INFO SYS,CASS,Computer and Technology,NSDQ,578.59
CASEYS GEN STRS,CASY,Retail-Wholesale,NSDQ,4004.11
CARDTRONICS INC,CATM,Business Services,NSDQ,1572.22
CATHAY GENL BCP,CATY,Finance,NSDQ,2575.2
CAVIUM INC,CAVM,Computer and Technology,NSDQ,3823.93
CAPITAL BNK FIN,CBF,Finance,NSDQ,895.98
CBOE HOLDINGS,CBOE,Finance,NSDQ,5255.03
CHINA BIOLOGIC,CBPO,Medical,NSDQ,3056.99
CRACKER BARREL,CBRL,Retail-Wholesale,NSDQ,3656.95
COMMERCE BANCSH,CBSH,Finance,NSDQ,4553.39
CSI COMPRESSCO,CCLP,Oils-Energy,NSDQ,472.08
CABOT MICROELEC,CCMP,Computer and Technology,NSDQ,1099.55
COGENT COMM HLD,CCOI,Computer and Technology,NSDQ,1321.64
CROSS COUNTRY,CCRN,Business Services,NSDQ,449.69
CDK GLOBAL INC,CDK,Computer and Technology,NSDQ,7869.91
CADENCE DESIGN,CDNS,Computer and Technology,NSDQ,6089.84
CDW CORP,CDW,Computer and Technology,NSDQ,6638.55
CELGENE CORP,CELG,Medical,NSDQ,101663.45
CEMPRA INC,CEMP,Medical,NSDQ,1773.55
CENTRAL GARDEN,CENT,Consumer Discretionary,NSDQ,506.97
CENTRAL GARDN-A,CENTA,Consumer Discretionary,NSDQ,552.38
CENTURY ALUM CO,CENX,Industrial Products,NSDQ,450.15
CERNER CORP,CERN,Medical,NSDQ,21879.92
CERUS CORP,CERS,Medical,NSDQ,476.86
CENTL EUR MEDIA,CETV,Consumer Discretionary,NSDQ,325.92
CEVA INC,CEVA,Computer and Technology,NSDQ,369.05
CAPITOL FEDL FN,CFFN,Finance,NSDQ,1665.2
CONFORMIS INC,CFMS,Medical,NSDQ,973.27
CARDINAL FINL,CFNL,Finance,NSDQ,759.81
CARLYLE GROUP,CG,Finance,NSDQ,1963.02
COGNEX CORP,CGNX,Computer and Technology,NSDQ,3243.68
CITY HLDGS CO,CHCO,Finance,NSDQ,728.29
CHURCHILL DOWNS,CHDN,Consumer Discretionary,NSDQ,2452.76
CHEFS WAREHOUSE,CHEF,Consumer Staples,NSDQ,430.65
CHEMICAL FINL,CHFC,Finance,NSDQ,1120.25
CHECK PT SOFTW,CHKP,Computer and Technology,NSDQ,14623.94
CHIASMA INC,CHMA,Medical,NSDQ,547.49
COHERUS BIOSC,CHRS,Medical,NSDQ,1280.54
CH ROBINSON WWD,CHRW,Transportation,NSDQ,10040.88
CHS INC,CHSCP,Consumer Staples,NSDQ,370
CHARTER COMM-A,CHTR,Computer and Technology,NSDQ,20595.43
CHUYS HOLDINGS,CHUY,Retail-Wholesale,NSDQ,526.64
COLLIERS INT GP,CIGI,Finance,NSDQ,1705.82
CINCINNATI FINL,CINF,Finance,NSDQ,9079.27
CNINSURE IN-ADR,CISG,Finance,NSDQ,528.11
CARMIKE CINEMA,CKEC,Consumer Discretionary,NSDQ,564.51
CELLDEX THERAPT,CLDX,Medical,NSDQ,2125.22
CELLECTIS-ADR,CLLS,Medical,NSDQ,1204.36
CALUMET SPECLTY,CLMT,Oils-Energy,NSDQ,1861.42
CLEAN EGY FUELS,CLNE,Utilities,NSDQ,439.91
CLOVIS ONCOLOGY,CLVS,Medical,NSDQ,3027.34
COLUMBUS MCKINN,CMCO,Industrial Products,NSDQ,439.45
COMCAST CORP  A,CMCSA,Consumer Discretionary,NSDQ,146604.56
COMCAST CLA SPL,CMCSK,Consumer Discretionary,NSDQ,146803.95
CIM COMMRCL TR,CMCT,Finance,NSDQ,1425.79
CME GROUP INC,CME,Finance,NSDQ,32823.85
CHINA MOBIL-ADR,CMGE,Computer and Technology,NSDQ,681.09
CUMULUS MEDIA,CMLS,Consumer Discretionary,NSDQ,341.31
CIMPRESS NV,CMPR,Industrial Products,NSDQ,2304.29
CHIMERIX INC,CMRX,Medical,NSDQ,2381.84
COMTECH TELECOM,CMTL,Computer and Technology,NSDQ,453.43
CONCERT PHARMA,CNCE,Medical,NSDQ,365.58
CONMED CORP,CNMD,Medical,NSDQ,1556.74
CONNECTONE BCP,CNOB,Finance,NSDQ,634.14
COMVERSE INC,CNSI,Computer and Technology,NSDQ,423.38
CONSOL COMM IL,CNSL,Utilities,NSDQ,1008.16
CNOVA NV,CNV,Retail-Wholesale,NSDQ,2285.92
COBIZ FINL INC,COBZ,Finance,NSDQ,512.04
COHERENT INC,COHR,Computer and Technology,NSDQ,1391.97
COCA COLA BOTTL,COKE,Consumer Staples,NSDQ,1517.2
COLUMBIA BK SYS,COLB,Finance,NSDQ,1887.66
COLLEGIUM PHARM,COLL,Medical,NSDQ,351.53
COLUMBIA SPORTS,COLM,Consumer Discretionary,NSDQ,4760.89
COMMSCOPE HLDG,COMM,Computer and Technology,NSDQ,5942.86
CYRUSONE INC,CONE,Finance,NSDQ,1989.52
CONNS INC,CONN,Retail-Wholesale,NSDQ,1177.14
CORE-MARK HLDG,CORE,Business Services,NSDQ,1470.79
CORCEPT THERAPT,CORT,Medical,NSDQ,572.18
COSTCO WHOLE CP,COST,Retail-Wholesale,NSDQ,63840.03
COWEN GROUP INC,COWN,Finance,NSDQ,596.19
CEPHEID INC,CPHD,Medical,NSDQ,3705.59
CAPELLA EDUCATN,CPLA,Consumer Discretionary,NSDQ,614.81
CAPITAL PRODUCT,CPLP,Transportation,NSDQ,862.02
COPART INC,CPRT,Business Services,NSDQ,4576.3
CATALYST PHARMA,CPRX,Medical,NSDQ,364.12
COMPUTER PRGRMS,CPSI,Medical,NSDQ,519.94
CRAY INC,CRAY,Computer and Technology,NSDQ,942.64
CREE INC,CREE,Computer and Technology,NSDQ,2784.61
CRESUD SA-ADR,CRESY,Consumer Staples,NSDQ,555.73
CURIS INC,CRIS,Medical,NSDQ,356.79
AMERICAS CAR-MT,CRMT,Retail-Wholesale,NSDQ,384.79
CROCS INC,CROX,Consumer Discretionary,NSDQ,1141.48
CRITEO SA-ADR,CRTO,Computer and Technology,NSDQ,2847.82
CIRRUS LOGIC,CRUS,Computer and Technology,NSDQ,1879.57
CORVEL CORP,CRVL,Business Services,NSDQ,657.16
CROWN MEDIA HLD,CRWN,Consumer Discretionary,NSDQ,1643.72
CARRIZO OIL&GAS,CRZO,Oils-Energy,NSDQ,1744.7
COMMUNICTNS S&L,CSAL,Finance,NSDQ,3185.32
CLIFTON BANCORP,CSBK,Finance,NSDQ,361.36
CISCO SYSTEMS,CSCO,Computer and Technology,NSDQ,143167.78
CENTERSTATE BNK,CSFL,Finance,NSDQ,631.93
COSTAR GRP INC,CSGP,Computer and Technology,NSDQ,6393.86
CSG SYS INTL,CSGS,Computer and Technology,NSDQ,1043.09
CARDIOVASCLR SY,CSII,Medical,NSDQ,761.33
CANADIAN SOLAR,CSIQ,Oils-Energy,NSDQ,1400.17
CORNERSTONE OND,CSOD,Computer and Technology,NSDQ,1962.8
CSR PLC-ADR,CSRE,Computer and Technology,NSDQ,2323.14
CAESAR STONE SD,CSTE,Construction,NSDQ,1902.4
CAPITAL SW CORP,CSWC,Finance,NSDQ,754.37
CINTAS CORP,CTAS,Industrial Products,NSDQ,9635.75
COMMUN TRUST BC,CTBI,Finance,NSDQ,612.46
CONSTANT CONTAC,CTCT,Computer and Technology,NSDQ,805.24
CTI BIOPHARMA,CTIC,Medical,NSDQ,319.24
CARETRUST REIT,CTRE,Finance,NSDQ,388.42
CITI TRENDS INC,CTRN,Retail-Wholesale,NSDQ,353.7
CTRIP.COM INTL,CTRP,Retail-Wholesale,NSDQ,9794.89
COGNIZANT TECH,CTSH,Computer and Technology,NSDQ,41283.23
CONN WATER SVC,CTWS,Utilities,NSDQ,376.83
CITRIX SYS INC,CTXS,Computer and Technology,NSDQ,12063.27
CU BANCORP CA,CUNB,Finance,NSDQ,374.47
CVB FINL,CVBF,Finance,NSDQ,1866.21
CAVCO INDUS INC,CVCO,Construction,NSDQ,649.67
CALAVO GROWERS,CVGW,Consumer Staples,NSDQ,949.11
COMMVAULT SYSTM,CVLT,Computer and Technology,NSDQ,1716.04
COVENANT TRANS,CVTI,Transportation,NSDQ,440.7
CONCORDIA HLTHC,CXRX,Medical,NSDQ,2721.56
CYPRESS SEMICON,CY,Computer and Technology,NSDQ,3721.74
CELYAD-ADR,CYAD,Medical,NSDQ,516.22
CYBER-ARK SFTWR,CYBR,Computer and Technology,NSDQ,1909.61
CYBERONICS INC,CYBX,Medical,NSDQ,1527.67
CYNOSURE INC-A,CYNO,Medical,NSDQ,844.56
CHANGYOU.COM,CYOU,Computer and Technology,NSDQ,1151.71
CAESARS ENTERTN,CZR,Consumer Discretionary,NSDQ,992.62
DAKTRONICS INC,DAKT,Computer and Technology,NSDQ,509.84
DBV TECH SA-ADR,DBVT,Medical,NSDQ,730.59
DIME COMM BNCSH,DCOM,Finance,NSDQ,632.21
DENNY'S CORP,DENN,Retail-Wholesale,NSDQ,1034.39
DEPOMED INC,DEPO,Medical,NSDQ,1977.63
DERMIRA INC,DERM,Medical,NSDQ,613.3
DEL FRISCOS RST,DFRG,Retail-Wholesale,NSDQ,356.44
DONEGAL GRP -A,DGICA,Finance,NSDQ,396.69
DONEGAL GRP -B,DGICB,Finance,NSDQ,588.64
DIAMOND HIL INV,DHIL,Finance,NSDQ,650.93
DIODES INC,DIOD,Computer and Technology,NSDQ,1002.68
DISCOVERY COM-A,DISCA,Consumer Discretionary,NSDQ,12656.23
DISCOVERY COM-B,DISCB,Consumer Discretionary,NSDQ,12187.68
DISCOVERY COM-C,DISCK,Consumer Discretionary,NSDQ,11929.39
DISH NETWORK CP,DISH,Consumer Discretionary,NSDQ,30970.51
DOLLAR TREE INC,DLTR,Retail-Wholesale,NSDQ,18128.05
DORCHESTER MNRL,DMLP,Oils-Energy,NSDQ,450.31
DIAMOND FOODS,DMND,Consumer Staples,NSDQ,1009.15
DIGIMARC CORP,DMRC,Industrial Products,NSDQ,329.91
DUNKIN BRANDS,DNKN,Retail-Wholesale,NSDQ,5069.37
DORMAN PRODUCTS,DORM,Auto-Tires-Trucks,NSDQ,1846.39
AMDOCS LTD,DOX,Computer and Technology,NSDQ,8944.65
DRYSHIPS INC,DRYS,Transportation,NSDQ,302.43
DESCARTES SYS,DSGX,Computer and Technology,NSDQ,1269.83
IDREAMSKY ADR,DSKY,Computer and Technology,NSDQ,506.81
DAVIDSTEA INC,DTEA,Consumer Staples,NSDQ,344.46
DTS INC,DTSI,Computer and Technology,NSDQ,510.15
DYNAVAX TECH CP,DVAX,Medical,NSDQ,905.39
DREAMWORKS ANIM,DWA,Consumer Discretionary,NSDQ,1731.85
DEXCOM INC,DXCM,Medical,NSDQ,7276.29
DXP ENTERPRISES,DXPE,Industrial Products,NSDQ,510
DYAX CORP,DYAX,Medical,NSDQ,3487.71
ELECTR ARTS INC,EA,Consumer Discretionary,NSDQ,22895.14
EBAY INC,EBAY,Retail-Wholesale,NSDQ,34780.41
EBIX INC,EBIX,Computer and Technology,NSDQ,1168.4
MERIDIAN BANCRP,EBSB,Finance,NSDQ,714.01
ECHO GLOBAL LOG,ECHO,Transportation,NSDQ,727.07
US ECOLOGY INC,ECOL,Business Services,NSDQ,1055.88
ENCORE CAP GRP,ECPG,Finance,NSDQ,1116.56
EURONET WORLDWD,EEFT,Finance,NSDQ,3625.35
ELECTRN IMAGING,EFII,Computer and Technology,NSDQ,2142.76
ENTERPRISE FINL,EFSC,Finance,NSDQ,485.98
EAGLE BCP INC,EGBN,Finance,NSDQ,1474.39
8X8 INC,EGHT,Computer and Technology,NSDQ,714.1
EAGLE BULK SHPG,EGLE,Transportation,NSDQ,326.9
EGALET CORP,EGLT,Medical,NSDQ,305.39
NIC INC,EGOV,Computer and Technology,NSDQ,1301.68
EAGLE PHARMACT,EGRX,Medical,NSDQ,1433.76
ENDURANCE INTL,EIGI,Computer and Technology,NSDQ,2249.68
ENDOLOGIX INC,ELGX,Medical,NSDQ,878.95
EARTHLINK HLDGS,ELNK,Computer and Technology,NSDQ,881.4
SYNERON MED LTD,ELOS,Medical,NSDQ,354.31
EMC INSURANCE,EMCI,Finance,NSDQ,501.86
ENDO INTL PLC,ENDP,Medical,NSDQ,17436.75
ENSIGN GROUP,ENSG,Medical,NSDQ,1204.55
GLOBAL EAGL ENT,ENT,Computer and Technology,NSDQ,956.09
ENANTA PHARMA,ENTA,Medical,NSDQ,811.05
ENTEGRIS INC,ENTG,Computer and Technology,NSDQ,2063.35
ENTELLUS MED,ENTL,Medical,NSDQ,450.45
BOTTOMLINE TECH,EPAY,Computer and Technology,NSDQ,1103.34
EPIQ SYS INC,EPIQ,Computer and Technology,NSDQ,552.32
EPIZYME INC,EPZM,Medical,NSDQ,792.78
EQUINIX INC,EQIX,Finance,NSDQ,15970.45
ELDORADO RESRTS,ERI,Consumer Discretionary,NSDQ,424.97
ERICSSON LM ADR,ERIC,Computer and Technology,NSDQ,33259.52
ERIE INDEMNITY,ERIE,Finance,NSDQ,3981.49
ENSTAR GROUP LT,ESGR,Finance,NSDQ,2533.51
ELBIT SYSTEMS,ESLT,Aerospace,NSDQ,3645.38
ESSENDANT INC,ESND,Consumer Discretionary,NSDQ,1353.81
ESPERION THERAP,ESPR,Medical,NSDQ,1319.3
EXPRESS SCRIPTS,ESRX,Medical,NSDQ,59383.24
E TRADE FINL CP,ETFC,Finance,NSDQ,8448.8
ETSY INC,ETSY,Computer and Technology,NSDQ,1502.39
EV ENERGY PTNR,EVEP,Oils-Energy,NSDQ,401.23
EAST WEST BC,EWBC,Finance,NSDQ,6455.81
EXACT SCIENCES,EXAS,Medical,NSDQ,2201.38
EXELIXIS INC,EXEL,Medical,NSDQ,1304.02
EXTERRAN PTNRS,EXLP,Oils-Energy,NSDQ,1162.31
EXLSERVICE HLDG,EXLS,Business Services,NSDQ,1239
EXPEDITORS INTL,EXPD,Transportation,NSDQ,9190.72
EXPEDIA INC,EXPE,Retail-Wholesale,NSDQ,15630.38
EXPONENT INC,EXPO,Business Services,NSDQ,1132.56
SECOND SIGHT MD,EYES,Medical,NSDQ,463.03
EZCHIP SEMI LTD,EZCH,Computer and Technology,NSDQ,502.51
EZCORP INC CL A,EZPW,Finance,NSDQ,319.28
DIAMONDBACK EGY,FANG,Oils-Energy,NSDQ,4337.54
FARMER BROS CO,FARM,Retail-Wholesale,NSDQ,368.86
FARO TECH INC,FARO,Computer and Technology,NSDQ,720.94
FASTENAL,FAST,Retail-Wholesale,NSDQ,11606.6
FACEBOOK INC-A,FB,Computer and Technology,NSDQ,265694.59
FIRST BCP-NC,FBNC,Finance,NSDQ,336.26
FIRST COMM BCSH,FCBC,Finance,NSDQ,333.13
FIRST CASH FINL,FCFS,Finance,NSDQ,1096.36
FIRST CTZNS-NCA,FCNCA,Finance,NSDQ,3053.18
FAIRCHILD SEMI,FCS,Computer and Technology,NSDQ,1709.24
FIRST DEFIANCE,FDEF,Finance,NSDQ,352.53
FEDERAL MOGUL-A,FDML,Auto-Tires-Trucks,NSDQ,1754.65
FEI COMPANY,FEIC,Computer and Technology,NSDQ,3493.64
FRANKLIN ELEC,FELE,Industrial Products,NSDQ,1397.85
FIREEYE INC,FEYE,Computer and Technology,NSDQ,6947.44
FIRST FIN BC-OH,FFBC,Finance,NSDQ,1193.43
FLUSHING FINL,FFIC,Finance,NSDQ,590.03
FIRST FIN BK-TX,FFIN,Finance,NSDQ,2118.48
F5 NETWORKS INC,FFIV,Computer and Technology,NSDQ,9256.08
FIBROGEN INC,FGEN,Medical,NSDQ,1314.56
FIRST INTST MT,FIBK,Finance,NSDQ,1266.56
FINISH LINE-CLA,FINL,Retail-Wholesale,NSDQ,1230.39
FINANCIAL INST,FISI,Finance,NSDQ,339.71
FISERV INC,FISV,Business Services,NSDQ,20527.92
FIFTH THIRD BK,FITB,Finance,NSDQ,17124.54
FIVE BELOW INC,FIVE,Retail-Wholesale,NSDQ,2001.56
NATL BEVERAGE,FIZZ,Consumer Staples,NSDQ,1107.98
FLUIDIGM CORP,FLDM,Medical,NSDQ,370.89
FLEXTRONIC INTL,FLEX,Computer and Technology,NSDQ,6254.06
FIRST LONG IS,FLIC,Finance,NSDQ,379.57
FLIR SYSTEMS,FLIR,Aerospace,NSDQ,4353.68
FLAMEL TECH,FLML,Medical,NSDQ,836.86
1800FLOWERS.COM,FLWS,Retail-Wholesale,NSDQ,628.47
FLEXION THERAPT,FLXN,Medical,NSDQ,495.96
FIRST MIDWST BK,FMBI,Finance,NSDQ,1457.24
FIRSTMERIT CORP,FMER,Finance,NSDQ,3091.52
FOUNDATION MED,FMI,Medical,NSDQ,682.58
FIRST NBC BANK,FNBC,Finance,NSDQ,717.99
FIRST NIAGARA,FNFG,Finance,NSDQ,3459.5
FINANCIAL ENGIN,FNGN,Finance,NSDQ,2075.6
FEDERATED NATL,FNHC,Finance,NSDQ,347.31
FINISAR CORP,FNSR,Computer and Technology,NSDQ,1819.72
FOGO DE CHAO,FOGO,Retail-Wholesale,NSDQ,517.26
AMICUS THERAPT,FOLD,Medical,NSDQ,1721.88
FOAMIX PHARMA,FOMX,Medical,NSDQ,305.35
FORMFACTOR INC,FORM,Computer and Technology,NSDQ,403.57
FORRESTER RESH,FORR,Computer and Technology,NSDQ,583.39
FORMULA SYS ADR,FORTY,Computer and Technology,NSDQ,471.33
FOSSIL GRP INC,FOSL,Retail-Wholesale,NSDQ,3137.02
TWENTY-FIRST CF,FOX,Consumer Discretionary,NSDQ,62505.66
TWENTY-FST CF-A,FOXA,Consumer Discretionary,NSDQ,63143.48
FOX FACTORY HLD,FOXF,Auto-Tires-Trucks,NSDQ,605.22
FIVEPRIME THERA,FPRX,Medical,NSDQ,517.58
FRANCESCAS HLDG,FRAN,Consumer Discretionary,NSDQ,504.85
FREDS INC,FRED,Retail-Wholesale,NSDQ,574.51
FIESTA RESTRNT,FRGI,Retail-Wholesale,NSDQ,1492.88
FIRST MERCHANTS,FRME,Finance,NSDQ,989.88
FAIRPOINT COMM,FRP,Computer and Technology,NSDQ,473.63
FRESHPET INC,FRPT,Consumer Staples,NSDQ,546.58
PAPA MURPHYS HL,FRSH,Retail-Wholesale,NSDQ,339.64
FIFTH STREET FI,FSC,Finance,NSDQ,936.91
FIRST SOLAR INC,FSLR,Oils-Energy,NSDQ,5250.76
FIRSTSERVICE CP,FSV,Finance,NSDQ,1106.97
FTD COS INC,FTD,Consumer Discretionary,NSDQ,855.71
FORTINET INC,FTNT,Computer and Technology,NSDQ,7952.5
FRONTIER COMMUN,FTR,Utilities,NSDQ,6039.94
ROCKET FUEL INC,FUEL,Computer and Technology,NSDQ,323.98
FULTON FINL,FULT,Finance,NSDQ,2291.77
FORWARD PHARMA,FWP,Medical,NSDQ,1277.64
FORWARD AIR CRP,FWRD,Transportation,NSDQ,1483.88
GERMAN AMER BCP,GABC,Finance,NSDQ,388.25
SHANDA GAME-ADR,GAME,Computer and Technology,NSDQ,1824.86
GLACIER BANCORP,GBCI,Finance,NSDQ,2126.2
GOLUB CAPITAL,GBDC,Finance,NSDQ,840.14
GLOBAL INDEMNTY,GBLI,Finance,NSDQ,714.24
GUARANTY BANCRP,GBNK,Finance,NSDQ,327.81
GERON CORP,GERN,Medical,NSDQ,570.7
GRUPO GALIC ADR,GGAL,Finance,NSDQ,2739.67
GENOMIC HEALTH,GHDX,Medical,NSDQ,805.95
G-III APPAREL,GIII,Consumer Discretionary,NSDQ,3114.42
GILEAD SCIENCES,GILD,Medical,NSDQ,168570.13
G&K SVCS  A,GK,Industrial Products,NSDQ,1334.87
GREAT LAKES DRG,GLDD,Construction,NSDQ,343.68
GOLAR LNG LTD,GLNG,Transportation,NSDQ,3684.29
GALAPAGOS -ADR,GLPG,Medical,NSDQ,2311.14
GAMING AND LEIS,GLPI,Finance,NSDQ,3773.4
GREENLIGHT CAP,GLRE,Finance,NSDQ,995.99
GLU MOBILE INC,GLUU,Consumer Discretionary,NSDQ,536.69
KEURIG GREEN MT,GMCR,Consumer Staples,NSDQ,8226.56
GOLAR LNG PARTN,GMLP,Oils-Energy,NSDQ,938.37
GREEN BANCORP,GNBC,Finance,NSDQ,347.29
GENOCEA BIOSCI,GNCA,Medical,NSDQ,362.15
GENL COMMS INC,GNCMA,Utilities,NSDQ,761.26
GENMARK DIAGNST,GNMK,Medical,NSDQ,353.55
GENTEX CORP,GNTX,Auto-Tires-Trucks,NSDQ,4821.81
GOLDEN OCEAN GP,GOGL,Transportation,NSDQ,675.16
GOGO INC,GOGO,Computer and Technology,NSDQ,1427.99
RANDGOLD RSRCS,GOLD,Basic Materials,NSDQ,5617.92
GLADSTONE COMML,GOOD,Finance,NSDQ,337.03
GOOGLE INC-CL C,GOOG,Computer and Technology,NSDQ,435520.38
GOOGLE INC-CL A,GOOGL,Computer and Technology,NSDQ,455462.59
GULFPORT ENGY,GPOR,Oils-Energy,NSDQ,3536.75
GREEN PLAINS,GPRE,Basic Materials,NSDQ,756.37
GOPRO INC-A,GPRO,Consumer Discretionary,NSDQ,8378.21
GREEN BRICK PTR,GRBK,Finance,NSDQ,376.74
GRIFOLS SA-ADR,GRFS,Medical,NSDQ,8569.54
GARMIN LTD,GRMN,Computer and Technology,NSDQ,7755.82
GROUPON INC,GRPN,Retail-Wholesale,NSDQ,2987.08
GREAT SOUTH BCP,GSBC,Finance,NSDQ,569.02
GSI GROUP INC,GSIG,Computer and Technology,NSDQ,461.09
GLOBE SPECIALTY,GSM,Basic Materials,NSDQ,1031.03
GOODYEAR TIRE,GT,Auto-Tires-Trucks,NSDQ,8321.73
CHART INDUSTRIE,GTLS,Industrial Products,NSDQ,803.94
GW PHARMA-ADR,GWPH,Medical,NSDQ,2280.53
HAWAIIAN HLDGS,HA,Transportation,NSDQ,1318.45
HABIT RESTRNTS,HABT,Retail-Wholesale,NSDQ,631.87
HANMI FINL CP,HAFC,Finance,NSDQ,821.44
HAIN CELESTIAL,HAIN,Consumer Staples,NSDQ,6959.08
HALOZYME THERA,HALO,Medical,NSDQ,2687.73
HASBRO INC,HAS,Consumer Discretionary,NSDQ,9668.74
BLACKHAWK NETWK,HAWK,Finance,NSDQ,2423.06
HAYNES INTL INC,HAYN,Basic Materials,NSDQ,501.2
HUNTINGTON BANC,HBAN,Finance,NSDQ,9315.57
HANCOCK HLDG CO,HBHC,Finance,NSDQ,2258.87
HUDSON CITY BCP,HCBK,Finance,NSDQ,5422.38
HACKETT GROUP,HCKT,Business Services,NSDQ,363.79
HEALTHCARE SERV,HCSG,Business Services,NSDQ,2515.06
HORTONWORKS INC,HDP,Computer and Technology,NSDQ,1193.82
HD SUPPLY HLDGS,HDS,Industrial Products,NSDQ,6831.19
H&E EQUIP SVCS,HEES,Industrial Products,NSDQ,598.97
HELEN OF TROY,HELE,Consumer Staples,NSDQ,2596.23
HERITAGE FIN CP,HFWA,Finance,NSDQ,536.19
HIBBET SPORTS,HIBB,Retail-Wholesale,NSDQ,1098.86
DOT HILL SYS CP,HILL,Computer and Technology,NSDQ,332.41
HIMAX TECH-ADR,HIMX,Computer and Technology,NSDQ,1212.19
HARMONIC INC,HLIT,Computer and Technology,NSDQ,519.41
HOUGHTON MIFFLN,HMHC,Business Services,NSDQ,3728.24
HOME INNS&HOTEL,HMIN,Consumer Discretionary,NSDQ,1383
HAMPTON ROADS,HMPR,Finance,NSDQ,332.86
HOMESTREET INC,HMST,Finance,NSDQ,486.09
HMS HLDGS CP,HMSY,Medical,NSDQ,786.24
HANDY&HARMN LTD,HNH,Conglomerates,NSDQ,312.06
HOLLYSYS AUTOMT,HOLI,Industrial Products,NSDQ,1177.79
HOLOGIC INC,HOLX,Medical,NSDQ,11480.66
HOME BANCSHARES,HOMB,Finance,NSDQ,2746.88
HEALTHEQUITY,HQY,Medical,NSDQ,1821.38
HERON THERAPEUT,HRTX,Medical,NSDQ,1087.2
HENRY SCHEIN IN,HSIC,Medical,NSDQ,12078.39
HEIDRICK & STRG,HSII,Business Services,NSDQ,365.91
HSN INC,HSNI,Retail-Wholesale,NSDQ,3381.82
HEALTHSTREAM,HSTM,Computer and Technology,NSDQ,838.78
HOMETRUST BNCSH,HTBI,Finance,NSDQ,354.29
CHINA LODGING,HTHT,Consumer Discretionary,NSDQ,1565.65
HEARTLAND EXP,HTLD,Transportation,NSDQ,1843.34
HEARTLAND FINCL,HTLF,Finance,NSDQ,770.14
HEARTWARE INTL,HTWR,Medical,NSDQ,1504.75
HUB GROUP INC-A,HUBG,Transportation,NSDQ,1432.85
HURON CONSLT GP,HURN,Business Services,NSDQ,1688.3
HEALTHWAYS INC,HWAY,Medical,NSDQ,454.53
HAWKINS INC,HWKN,Basic Materials,NSDQ,400.95
HORIZON PHARMA,HZNP,Medical,NSDQ,5238.15
IAC/INTERACTIV,IACI,Retail-Wholesale,NSDQ,6177.47
INTEGRA LIFESCI,IART,Medical,NSDQ,2072.36
ISHARES NDQ BIO,IBB,Finance,NSDQ,9659.15
INDEP BK MICH,IBCP,Finance,NSDQ,336.51
IBERIABANK CORP,IBKC,Finance,NSDQ,2476.87
INTERACTIVE BRK,IBKR,Finance,NSDQ,2692.11
INTL BANCSHARES,IBOC,Finance,NSDQ,1812.55
INDEP BANK GRP,IBTX,Finance,NSDQ,743
ICF INTL INC,ICFI,Business Services,NSDQ,700.81
ICON PLC,ICLR,Medical,NSDQ,4898
ICONIX BRAND GP,ICON,Consumer Discretionary,NSDQ,712.21
INTERCEPT PHARM,ICPT,Medical,NSDQ,5692.07
ICU MEDICAL INC,ICUI,Medical,NSDQ,1572.91
INTERDIGITL INC,IDCC,Computer and Technology,NSDQ,1836.64
IDERA PHARMACT,IDRA,Medical,NSDQ,330.64
INTEGR DEVICE,IDTI,Computer and Technology,NSDQ,2960.89
IDEXX LABS INC,IDXX,Medical,NSDQ,7042.98
ICAHN ENTERPRIS,IEP,Conglomerates,NSDQ,9577.21
INSTEEL INDS,IIIN,Industrial Products,NSDQ,312.17
INTERNET INIT J,IIJI,Computer and Technology,NSDQ,921.22
INTERVAL LEISUR,IILG,Consumer Discretionary,NSDQ,1207.94
II-VI INCORP,IIVI,Industrial Products,NSDQ,1108.37
ILLUMINA INC,ILMN,Medical,NSDQ,30459.35
IMMUNE DESIGN,IMDZ,Medical,NSDQ,380.65
IMMUNOGEN INC,IMGN,Medical,NSDQ,1291.05
INGLES MARKET A,IMKTA,Retail-Wholesale,NSDQ,1005.15
IMMERSION CORP,IMMR,Computer and Technology,NSDQ,351.71
CHIPMOS TEC LTD,IMOS,Computer and Technology,NSDQ,463.53
INTERNAP NETWRK,INAP,Computer and Technology,NSDQ,475.48
INC RESRCH HLDG,INCR,Medical,NSDQ,2600.68
INCYTE CORP,INCY,Medical,NSDQ,18262.39
INDEP BK MASS,INDB,Finance,NSDQ,1258.24
INFINITY PHARMA,INFI,Medical,NSDQ,415.39
INFINERA CORP,INFN,Computer and Technology,NSDQ,3113.68
INOGEN INC,INGN,Medical,NSDQ,836.65
INTERACT INTELL,ININ,Computer and Technology,NSDQ,867.44
INOVIO PHARMAC,INO,Medical,NSDQ,466.05
INOVALON HLDGS,INOV,Computer and Technology,NSDQ,548.42
INSMED INC,INSM,Medical,NSDQ,1653.17
INSYS THERAP,INSY,Medical,NSDQ,2803.47
INTEL CORP,INTC,Computer and Technology,NSDQ,137324.39
INTL FCSTONE,INTL,Finance,NSDQ,514.01
INTUIT INC,INTU,Computer and Technology,NSDQ,29066.54
INNERWORKINGS,INWK,Business Services,NSDQ,416.99
INNOSPEC INC,IOSP,Basic Materials,NSDQ,1047.65
INTER PARFUMS,IPAR,Consumer Staples,NSDQ,931.08
INFINITY PPTY,IPCC,Finance,NSDQ,894.92
IPC THE HOSPITL,IPCM,Medical,NSDQ,1382.23
IPG PHOTONICS,IPGP,Computer and Technology,NSDQ,4963.96
INNOPHOS HLDGS,IPHS,Basic Materials,NSDQ,1011.34
IMPAX LABORATRS,IPXL,Medical,NSDQ,3375.01
INTELIQUENT INC,IQNT,Computer and Technology,NSDQ,595.62
IROBOT CORP,IRBT,Industrial Products,NSDQ,894.7
IRSA PROPIEDADS,IRCP,Finance,NSDQ,1023.88
IRIDIUM COMMUN,IRDM,Computer and Technology,NSDQ,640.24
IRONWOOD PHARMA,IRWD,Medical,NSDQ,1555.95
INVESTORS BANCP,ISBC,Finance,NSDQ,4395.03
INTL SPEEDWAY,ISCA,Consumer Discretionary,NSDQ,1535.92
INTERSIL CORP,ISIL,Computer and Technology,NSDQ,1458.58
ISIS PHARMACEUT,ISIS,Medical,NSDQ,5954.52
ISLE OF CAPRI,ISLE,Consumer Discretionary,NSDQ,758
INTUITIVE SURG,ISRG,Medical,NSDQ,19730.76
ISRAMCO INC,ISRL,Oils-Energy,NSDQ,372.66
INTEGR SILI SOL,ISSI,Computer and Technology,NSDQ,703.01
INTRA-CELLULAR,ITCI,Medical,NSDQ,1083.31
ITRON INC,ITRI,Computer and Technology,NSDQ,1246.97
ITURAN LOCATION,ITRN,Industrial Products,NSDQ,604.95
IXYS CORP,IXYS,Computer and Technology,NSDQ,352.91
JACK IN THE BOX,JACK,Retail-Wholesale,NSDQ,3372.14
JA SOLAR HOLDGS,JASO,Oils-Energy,NSDQ,381.58
JAZZ PHARMACEUT,JAZZ,Medical,NSDQ,11130.09
HUNT (JB) TRANS,JBHT,Transportation,NSDQ,9341.93
JETBLUE AIRWAYS,JBLU,Transportation,NSDQ,7335.17
SANFILIPPO JB&S,JBSS,Consumer Staples,NSDQ,562.53
J2 GLOBAL INC,JCOM,Computer and Technology,NSDQ,3572.62
JD.COM INC-ADR,JD,Retail-Wholesale,NSDQ,43842.45
J&J SNACK FOODS,JJSF,Consumer Staples,NSDQ,2206.67
JACK HENRY ASSC,JKHY,Computer and Technology,NSDQ,5688.95
51JOBS INC-ADR,JOBS,Consumer Staples,NSDQ,1804.94
JAMES RIVER GRP,JRVR,Finance,NSDQ,791.99
JUNO THERAPEUTC,JUNO,Medical,NSDQ,4018.76
KAISER ALUMINUM,KALU,Industrial Products,NSDQ,1446.21
IKANG HEALTHCR,KANG,Medical,NSDQ,1119.74
KIMBALL INTL  B,KBAL,Consumer Discretionary,NSDQ,433.78
KANSAS CITY LIF,KCLI,Finance,NSDQ,505.31
KIMBALL ELECTRN,KE,Computer and Technology,NSDQ,345.69
KELLY SVCS  A,KELYA,Business Services,NSDQ,532.37
KELLY SVCS B,KELYB,Business Services,NSDQ,539.99
KERYX BIOPHARMA,KERX,Medical,NSDQ,649.03
KFORCE INC,KFRC,Business Services,NSDQ,833.01
KRAFT HEINZ CO,KHC,Consumer Staples,NSDQ,95134.63
KIRKLANDS INC,KIRK,Retail-Wholesale,NSDQ,471.98
KITE PHARMA INC,KITE,Medical,NSDQ,2983.56
KLA-TENCOR CORP,KLAC,Computer and Technology,NSDQ,8371.86
KULICKE & SOFFA,KLIC,Computer and Technology,NSDQ,789.71
KLX INC,KLXI,Aerospace,NSDQ,2017.08
KANDI TECH CORP,KNDI,Consumer Discretionary,NSDQ,357.82
KARYOPHARM THER,KPTI,Medical,NSDQ,787.07
KORNIT DIGITAL,KRNT,Industrial Products,NSDQ,406.02
KEARNY FINL CP,KRNY,Finance,NSDQ,1068.09
K2M GRP HLDGS,KTWO,Medical,NSDQ,879.67
KYTHERA BIOPHRM,KYTH,Medical,NSDQ,1938.42
KONGZHONG-ADR,KZ,Computer and Technology,NSDQ,335.48
MULTI-COLOR,LABL,Industrial Products,NSDQ,1081.27
LAMAR ADVER CO,LAMR,Finance,NSDQ,5325.59
LANCASTER COLON,LANC,Consumer Staples,NSDQ,2606.85
LAKELAND BANCRP,LBAI,Finance,NSDQ,429.44
LION BIOTECH,LBIO,Medical,NSDQ,333.22
LIBERTY BRDBD-A,LBRDA,Consumer Discretionary,NSDQ,1400.79
LIBERTY BRDBD-C,LBRDK,Consumer Discretionary,NSDQ,3953.38
LIBERTY GLBL-A,LBTYA,Consumer Discretionary,NSDQ,45996.3
LIBERTY GLBL-B,LBTYB,Consumer Discretionary,NSDQ,46463.76
LIBERTY GLBL-C,LBTYK,Consumer Discretionary,NSDQ,43120.98
LDR HOLDING,LDRH,Medical,NSDQ,1116.63
LANDS END INC,LE,Retail-Wholesale,NSDQ,736.61
LINCOLN ELECTRC,LECO,Industrial Products,NSDQ,4607.42
LITTELFUSE INC,LFUS,Computer and Technology,NSDQ,2080.58
LEGACY RESERVES,LGCY,Oils-Energy,NSDQ,546.75
LGI HOMES INC,LGIH,Finance,NSDQ,464.06
LIGAND PHARMA-B,LGND,Medical,NSDQ,1851.25
LHC GROUP LLC,LHCG,Medical,NSDQ,918.52
ATYR PHARMA INC,LIFE,Medical,NSDQ,437.72
LIBERTY LILAC A,LILA,Consumer Discretionary,NSDQ,10097.8
LIBERTY LILAC C,LILAK,Consumer Discretionary,NSDQ,25835.57
LINN ENERGY LLC,LINE,Oils-Energy,NSDQ,1122.45
FIDELITY SOUTHN,LION,Finance,NSDQ,412.34
LIONBRIDGE TECH,LIOX,Computer and Technology,NSDQ,381.52
LA JOLLA PHARMA,LJPC,Medical,NSDQ,413.61
LAKELAND FINL,LKFN,Finance,NSDQ,700.29
LKQ CORP,LKQ,Auto-Tires-Trucks,NSDQ,9577.6
LIMELIGHT NETWK,LLNW,Computer and Technology,NSDQ,339.49
LINEAR TEC CORP,LLTC,Computer and Technology,NSDQ,10036.06
LIBERTY MEDIA-A,LMCA,Consumer Discretionary,NSDQ,12992.67
LIBERTY MEDIA-B,LMCB,Consumer Discretionary,NSDQ,13081.29
LIBERTY MEDIA-C,LMCK,Consumer Discretionary,NSDQ,8522.41
LUMENIS LTD,LMNS,Medical,NSDQ,499.53
LUMINEX CORP,LMNX,Medical,NSDQ,834.66
SNYDERS-LANCE,LNCE,Consumer Staples,NSDQ,2323.38
LINN CO LLC,LNCO,Oils-Energy,NSDQ,401.06
LANDEC CORP,LNDC,Basic Materials,NSDQ,353.55
LIVE OAK BNCSH,LOB,Finance,NSDQ,676.13
EL POLLO LOCO,LOCO,Retail-Wholesale,NSDQ,707.88
LOGITECH INTL,LOGI,Computer and Technology,NSDQ,2321.84
LOGMEIN INC,LOGM,Computer and Technology,NSDQ,1769.93
ELONG INC-ADR,LONG,Computer and Technology,NSDQ,611.66
GRAND CANYON ED,LOPE,Consumer Discretionary,NSDQ,1980.41
LORAL SPACE&COM,LORL,Computer and Technology,NSDQ,1893.23
LOXO ONCOLOGY,LOXO,Medical,NSDQ,342.42
LPL FINL HLDGS,LPLA,Finance,NSDQ,4154.58
LIFEPOINT HOSP,LPNT,Medical,NSDQ,3621.11
LIVEPERSON INC,LPSN,Computer and Technology,NSDQ,524.87
LAM RESEARCH,LRCX,Computer and Technology,NSDQ,11480.82
LATTICE SEMICON,LSCC,Computer and Technology,NSDQ,482.4
LANDSTAR SYSTEM,LSTR,Transportation,NSDQ,3034.2
LIBERTY TRIP-A,LTRPA,Computer and Technology,NSDQ,1956.14
LEGACY TX FINL,LTXB,Finance,NSDQ,1413.33
LULULEMON ATHLT,LULU,Consumer Discretionary,NSDQ,8821.92
LIBERTY VENTR-A,LVNTA,Retail-Wholesale,NSDQ,5557.28
LIBERTY VENTR-B,LVNTB,Retail-Wholesale,NSDQ,6185.9
LEXICON PHARMA,LXRX,Medical,NSDQ,1179.13
MERRIMACK PHAR,MACK,Medical,NSDQ,1047.43
MANHATTAN ASOC,MANH,Computer and Technology,NSDQ,4725.05
MANTECH INTL -A,MANT,Computer and Technology,NSDQ,1107.06
MARRIOTT INTL-A,MAR,Consumer Discretionary,NSDQ,18976.43
MASIMO CORP,MASI,Medical,NSDQ,2165.49
MATTEL INC,MAT,Consumer Discretionary,NSDQ,7727.15
MATTHEWS INTL-A,MATW,Consumer Staples,NSDQ,1751.32
MB FINANCL INC,MBFI,Finance,NSDQ,2534.02
MALIBU BOATS-A,MBUU,Consumer Discretionary,NSDQ,337.73
MERCANTILE BANK,MBWM,Finance,NSDQ,337.72
MICROCHIP TECH,MCHP,Computer and Technology,NSDQ,8816.85
SERES THERAPEUT,MCRB,Medical,NSDQ,1515.25
MONARCH CASINO,MCRI,Consumer Discretionary,NSDQ,317.79
MEDASSETS INC,MDAS,Medical,NSDQ,1235.44
MDC PTNRS INC,MDCA,Business Services,NSDQ,978.57
MEDICINES CO,MDCO,Medical,NSDQ,1982.26
MONDELEZ INTL,MDLZ,Consumer Staples,NSDQ,74297.37
MTN PROV DMND,MDM,Basic Materials,NSDQ,538.89
ALLSCRIPTS HLTH,MDRX,Medical,NSDQ,2631.48
MEDIDATA SOLUTN,MDSO,Medical,NSDQ,2823.41
MEDIVATION INC,MDVN,Medical,NSDQ,8082.66
MIMEDX GRP INC,MDXG,Medical,NSDQ,1029.22
MERCADOLIBRE IN,MELI,Retail-Wholesale,NSDQ,5348.94
MEMORIAL PRODUC,MEMP,Oils-Energy,NSDQ,630.79
MENTOR GRAPHICS,MENT,Computer and Technology,NSDQ,3011.03
METHANEX CORP,MEOH,Basic Materials,NSDQ,4092.52
MERCER INTL SBI,MERC,Basic Materials,NSDQ,781.76
METRO BANCORP,METR,Finance,NSDQ,423.91
MULTI-FINELINE,MFLX,Computer and Technology,NSDQ,418.75
MATTRESS FIRM,MFRM,Retail-Wholesale,NSDQ,2181.95
MGE ENERGY INC,MGEE,Utilities,NSDQ,1373.2
MONEYGRAM INTL,MGI,Finance,NSDQ,520.76
MAGELLAN HLTH,MGLN,Medical,NSDQ,1591.01
MACROGENICS INC,MGNX,Medical,NSDQ,1148.41
MCGRATH RENTCOR,MGRC,Finance,NSDQ,633.22
MAIDEN HOLDINGS,MHLD,Finance,NSDQ,1203.94
MIDDLEBY CORP,MIDD,Industrial Products,NSDQ,7026.57
MICHAELS COS,MIK,Retail-Wholesale,NSDQ,5278.53
MOBILE MINI INC,MINI,Industrial Products,NSDQ,1586.83
MITEL NETWORKS,MITL,Computer and Technology,NSDQ,1051.08
MKS INSTRUMENTS,MKSI,Computer and Technology,NSDQ,1902.71
MARKETO INC,MKTO,Computer and Technology,NSDQ,1230.45
MARKETAXESS HLD,MKTX,Finance,NSDQ,3639.17
MESA LABS INC,MLAB,Medical,NSDQ,416.75
HERMAN MILLER,MLHR,Business Services,NSDQ,1670.08
MELLANOX TECH,MLNX,Computer and Technology,NSDQ,2000.68
MARTIN MIDSTRM,MMLP,Transportation,NSDQ,967.62
MERIT MEDICAL,MMSI,Medical,NSDQ,1106.89
MAKEMYTRIP LTD,MMYT,Computer and Technology,NSDQ,572.28
MANNKIND CORP,MNKD,Medical,NSDQ,1630.12
MONRO MUFFLER,MNRO,Consumer Discretionary,NSDQ,2083.01
MONSTER BEVERAG,MNST,Consumer Staples,NSDQ,30469.02
MOMENTA PHARMA,MNTA,Medical,NSDQ,1428.77
MOBILE IRON INC,MOBL,Computer and Technology,NSDQ,388.4
MIDWESTONE FINL,MOFG,Finance,NSDQ,355.98
MOMO INC -ADR,MOMO,Computer and Technology,NSDQ,2974.32
MORNINGSTAR INC,MORN,Business Services,NSDQ,3790.2
MOTORCAR PARTS,MPAA,Auto-Tires-Trucks,NSDQ,547.82
MELCO CROWN ENT,MPEL,Consumer Discretionary,NSDQ,12694.04
MONOLITHIC PWR,MPWR,Computer and Technology,NSDQ,2032.72
MERCURY SYSTEMS,MRCY,Computer and Technology,NSDQ,510.23
MEMORIAL RESRC,MRD,Oils-Energy,NSDQ,3374.85
MERGE HEALTHCAR,MRGE,Medical,NSDQ,700.2
MARKIT LTD,MRKT,Finance,NSDQ,4650.94
MARTEN TRANS,MRTN,Transportation,NSDQ,621.95
MIRATI THERAPTC,MRTX,Medical,NSDQ,390.01
MARVELL TECH GP,MRVL,Computer and Technology,NSDQ,6475.18
MICROSEMI CORP,MSCC,Computer and Technology,NSDQ,3149.72
MIDDLESEX WATER,MSEX,Utilities,NSDQ,368.05
MAINSOURCE FINL,MSFG,Finance,NSDQ,472.94
MICROSOFT CORP,MSFT,Computer and Technology,NSDQ,373825.66
MICROSTRATEGY,MSTR,Computer and Technology,NSDQ,2450.41
AMER CAP MTGE,MTGE,Finance,NSDQ,804.23
MATERIALISE NV,MTLS,Computer and Technology,NSDQ,396.82
MATRIX SERVICE,MTRX,Oils-Energy,NSDQ,522.62
MTS SYSTEMS,MTSC,Computer and Technology,NSDQ,932.13
MA-COM TECH SOL,MTSI,Computer and Technology,NSDQ,1755.21
MICRON TECH,MU,Computer and Technology,NSDQ,19978.56
MAXIM INTG PDTS,MXIM,Computer and Technology,NSDQ,9712.83
MYRIAD GENETICS,MYGN,Medical,NSDQ,2148.81
MYLAN NV,MYL,Medical,NSDQ,27694.11
MYR GROUP INC,MYRG,Utilities,NSDQ,611.95
NANOMETRICS INC,NANO,Computer and Technology,NSDQ,329.56
NATL INSTRS CP,NATI,Computer and Technology,NSDQ,3782.04
NATL INTERST CP,NATL,Finance,NSDQ,512.64
NAVIGATORS GRP,NAVG,Finance,NSDQ,1126.55
NAVIENT CORP,NAVI,Finance,NSDQ,5838.65
NEWBRIDGE BANC,NBBC,Finance,NSDQ,303.19
NEUROCRINE BIOS,NBIX,Medical,NSDQ,3990.52
NBT BANCORP INC,NBTB,Finance,NSDQ,1184.53
NORWEGIAN CRUIS,NCLH,Consumer Discretionary,NSDQ,14028.23
NATL CINEMEDIA,NCMI,Business Services,NSDQ,915.84
NASDAQ OMX GRP,NDAQ,Finance,NSDQ,8955.12
NOODLES & CO,NDLS,Retail-Wholesale,NSDQ,360.17
NEURODERM LTD,NDRM,Medical,NSDQ,376.34
NORDSON CORP,NDSN,Industrial Products,NSDQ,4509.55
NEOGENOMICS INC,NEO,Medical,NSDQ,348.54
NEOGEN CORP,NEOG,Medical,NSDQ,2114.41
NEOS THERAPTCS,NEOS,Medical,NSDQ,327.02
NEWPORT CORP,NEWP,Computer and Technology,NSDQ,621.65
NEWSTAR FIN INC,NEWS,Finance,NSDQ,549.33
NORTHFIELD BNCP,NFBK,Finance,NSDQ,703.77
NETFLIX INC,NFLX,Consumer Discretionary,NSDQ,52620.14
NATIONAL GNL HL,NGHC,Finance,NSDQ,2020.47
NATURAL HLTH TR,NHTC,Consumer Discretionary,NSDQ,383.04
NICE SYSTEM-ADR,NICE,Computer and Technology,NSDQ,3951.75
NII HOLDINGS,NIHD,Computer and Technology,NSDQ,2290.7
BLUE NILE INC,NILE,Retail-Wholesale,NSDQ,392.12
NANTKWEST INC,NK,Medical,NSDQ,2245.62
NEKTAR THERAP,NKTR,Medical,NSDQ,1491.5
NEWLINK GENETIC,NLNK,Medical,NSDQ,1417.05
NMI HOLDINGS-A,NMIH,Finance,NSDQ,508.81
NN INC,NNBR,Industrial Products,NSDQ,659.02
NATL PENN BCSHS,NPBC,Finance,NSDQ,1508.38
NATL RESEARCH,NRCIB,Business Services,NSDQ,838.36
INSIGHT ENTRPRS,NSIT,Retail-Wholesale,NSDQ,988.08
NETAPP INC,NTAP,Computer and Technology,NSDQ,9158.53
NETSCOUT SYSTMS,NTCT,Computer and Technology,NSDQ,1605.21
NETEASE INC,NTES,Computer and Technology,NSDQ,19319.25
NETGEAR INC,NTGR,Computer and Technology,NSDQ,1059.75
NORTEK INC,NTK,Construction,NSDQ,1221.08
NATERA INC,NTRA,Medical,NSDQ,826.16
NUTRI/SYSTEM,NTRI,Consumer Discretionary,NSDQ,863.09
NORTHERN TRUST,NTRS,Finance,NSDQ,18083.37
NUANCE COMM INC,NUAN,Computer and Technology,NSDQ,5846.63
NUVASIVE INC,NUVA,Medical,NSDQ,2659.35
NOVAVAX INC,NVAX,Medical,NSDQ,2902.76
NEOVASC INC,NVCN,Medical,NSDQ,392.62
NVIDIA CORP,NVDA,Computer and Technology,NSDQ,12363.24
NOVADAQ TEC INC,NVDQ,Medical,NSDQ,590.06
INVIVO THERAPT,NVIV,Medical,NSDQ,343.18
NOVA MEASURING,NVMI,Computer and Technology,NSDQ,325.39
NORTHWEST BNCSH,NWBI,Finance,NSDQ,1201.32
NORTHWEST BIOTH,NWBO,Medical,NSDQ,777.35
NATL WST LIFE A,NWLI,Finance,NSDQ,872.64
NEWS CORP-B,NWS,Consumer Discretionary,NSDQ,8065.56
NEWS CORP NEW-A,NWSA,Consumer Discretionary,NSDQ,5412.07
NXP SEMICONDUCT,NXPI,Computer and Technology,NSDQ,22363.6
NEXSTAR BRDCSTG,NXST,Consumer Discretionary,NSDQ,1691.65
NXSTAGE MEDICAL,NXTM,Medical,NSDQ,1137.65
NEW YORK MTG TR,NYMT,Finance,NSDQ,773.22
OCEANFIRST FINL,OCFC,Finance,NSDQ,302.69
OCULAR THERAPTX,OCUL,Medical,NSDQ,524.18
OLD DOMINION FL,ODFL,Transportation,NSDQ,6203.38
OFFICE DEPOT,ODP,Retail-Wholesale,NSDQ,4083.63
ORTHOFIX INTL,OFIX,Medical,NSDQ,731.03
OMEGA FLEX INC,OFLX,Industrial Products,NSDQ,318.5
SOUTHWEST BC-OK,OKSB,Finance,NSDQ,346.87
UNIVL DISPLAY,OLED,Computer and Technology,NSDQ,1925.58
OLLIES BGN OUTL,OLLI,Consumer Staples,NSDQ,1139.05
GRUPO AEROP-ADS,OMAB,Transportation,NSDQ,1793.95
OMNICELL INC,OMCL,Medical,NSDQ,1316.85
ONCOMED PHARMA,OMED,Medical,NSDQ,661
OMEROS CORP,OMER,Medical,NSDQ,563.32
ON SEMICON CORP,ON,Computer and Technology,NSDQ,4231.87
OLD NATL BCP,ONB,Finance,NSDQ,1687.18
SPARK THERAPEUT,ONCE,Medical,NSDQ,1368.57
ONCOTHYREON INC,ONTY,Medical,NSDQ,337.59
OPUS BANK,OPB,Finance,NSDQ,1048.82
OPHTHOTECH CORP,OPHT,Medical,NSDQ,1889.48
ORBCOMM INC,ORBC,Computer and Technology,NSDQ,408.41
ORBOTECH LTD,ORBK,Computer and Technology,NSDQ,766.06
OREXIGEN THERAP,OREX,Medical,NSDQ,465.82
OCEAN RIG UDW,ORIG,Oils-Energy,NSDQ,561.5
ORITANI FINL CP,ORIT,Finance,NSDQ,689.23
O REILLY AUTO,ORLY,Retail-Wholesale,NSDQ,24346.26
OSIRIS THERAPTC,OSIR,Medical,NSDQ,626.59
OSI SYSTEMS INC,OSIS,Computer and Technology,NSDQ,1334.2
OVERSTOCK.COM,OSTK,Retail-Wholesale,NSDQ,565.29
OPEN TEXT CORP,OTEX,Computer and Technology,NSDQ,5621.43
OTONOMY INC,OTIC,Medical,NSDQ,526.6
OTTER TAIL CORP,OTTR,Utilities,NSDQ,1044.3
OUTERWALL INC,OUTR,Consumer Discretionary,NSDQ,1183.51
OVASCIENCE,OVAS,Medical,NSDQ,717.95
OMNIVISION TECH,OVTI,Computer and Technology,NSDQ,1420.33
BANK OZARKS,OZRK,Finance,NSDQ,3857.01
PAN AMER SILVER,PAAS,Basic Materials,NSDQ,909.86
PACIFIC BIOSCI,PACB,Medical,NSDQ,338.53
PACWEST BANCORP,PACW,Finance,NSDQ,4778.52
PHIBRO ANIMAL,PAHC,Medical,NSDQ,1493.77
PATRICK INDS,PATK,Construction,NSDQ,578.21
PAYCHEX INC,PAYX,Business Services,NSDQ,17200.63
PEOPLES UTD FIN,PBCT,Finance,NSDQ,5050.84
POTBELLY CORP,PBPB,Retail-Wholesale,NSDQ,356.44
PACCAR INC,PCAR,Auto-Tires-Trucks,NSDQ,22340.96
PC CONNECTION,PCCC,Retail-Wholesale,NSDQ,570.68
POTLATCH CORP,PCH,Construction,NSDQ,1423.73
PRICELINE.COM,PCLN,Retail-Wholesale,NSDQ,68287.48
PENDRELL CORP,PCO,Business Services,NSDQ,422.38
PACIRA PHARMACT,PCRX,Medical,NSDQ,2371.79
PAYLOCITY HLDG,PCTY,Computer and Technology,NSDQ,1803.26
PDC ENERGY INC,PDCE,Oils-Energy,NSDQ,1877.14
PATTERSON COS,PDCO,Medical,NSDQ,5134.21
PDF SOLUTIONS,PDFS,Computer and Technology,NSDQ,415.21
PDL BIOPHARMA,PDLI,Medical,NSDQ,950.09
PACIFIC DATAVSN,PDVW,Computer and Technology,NSDQ,399.14
PEOPL BNCP-OHIO,PEBO,Finance,NSDQ,393.47
PEGASYSTEMS INC,PEGA,Computer and Technology,NSDQ,2048.32
PATTERN ENERGY,PEGI,Utilities,NSDQ,1515.64
PAC ETHANOL INC,PEIX,Oils-Energy,NSDQ,309.83
PENN NATL GAMNG,PENN,Consumer Discretionary,NSDQ,1515.65
PERRY ELLIS INT,PERY,Consumer Discretionary,NSDQ,367.69
PETMED EXPRESS,PETS,Retail-Wholesale,NSDQ,341.76
ARATANA THERAP,PETX,Medical,NSDQ,594.87
PREFERRED BANK,PFBC,Finance,NSDQ,413.84
PROOFPOINT INC,PFPT,Computer and Technology,NSDQ,2574.95
PEAPACK GLADSTN,PGC,Finance,NSDQ,333.11
PROGENICS PHARM,PGNX,Medical,NSDQ,557.51
PGT INC,PGTI,Construction,NSDQ,616.9
PHI INC-VTG,PHII,Transportation,NSDQ,443.22
PHI INC-NVT,PHIIK,Transportation,NSDQ,419.28
PREMIER INC-A,PINC,Medical,NSDQ,1331.73
PARK OHIO HLDNG,PKOH,Industrial Products,NSDQ,531.66
PHOTRONICS INC,PLAB,Computer and Technology,NSDQ,533.75
DAVE&BUSTRS ENT,PLAY,Retail-Wholesale,NSDQ,1540.06
CHILDRENS PLACE,PLCE,Retail-Wholesale,NSDQ,1212.69
POLYCOM INC,PLCM,Computer and Technology,NSDQ,1473.63
POPEYES LA KTCH,PLKI,Retail-Wholesale,NSDQ,1366.83
PLUG POWER INC,PLUG,Industrial Products,NSDQ,416.32
EPLUS INC,PLUS,Computer and Technology,NSDQ,573.33
PLEXUS CORP,PLXS,Computer and Technology,NSDQ,1288.64
PMC-SIERRA INC,PMCS,Computer and Technology,NSDQ,1331.81
PINNACLE FIN PT,PNFP,Finance,NSDQ,1868.7
PENNANTPARK INV,PNNT,Finance,NSDQ,581.22
PANERA BREAD CO,PNRA,Retail-Wholesale,NSDQ,5211.48
INSULET CORP,PODD,Medical,NSDQ,1923.29
POOL CORP,POOL,Consumer Discretionary,NSDQ,3000.95
POWER INTGRATIO,POWI,Computer and Technology,NSDQ,1146.56
POWELL INDS,POWL,Industrial Products,NSDQ,319.68
POZEN INC,POZN,Medical,NSDQ,340.1
PAC PREMIER BCP,PPBI,Finance,NSDQ,411.45
PILGRIMS PRIDE,PPC,Consumer Staples,NSDQ,5858.49
PRA GROUP INC,PRAA,Finance,NSDQ,3048.57
PRA HEALTH SCI,PRAH,Medical,NSDQ,2574.46
PERFICIENT INC,PRFT,Computer and Technology,NSDQ,575.24
PROGRESS SOFTWA,PRGS,Computer and Technology,NSDQ,1467.47
PRIMORIS SERVCS,PRIM,Construction,NSDQ,929.99
PROQR THERAP,PRQR,Medical,NSDQ,367.34
PROVIDENCE SVC,PRSC,Consumer Discretionary,NSDQ,736.35
PROTHENA CP PLC,PRTA,Medical,NSDQ,2031.09
PARATEK PHARMA,PRTK,Medical,NSDQ,410.22
PAREXEL INTL CP,PRXL,Medical,NSDQ,3659.91
PROSPECT CAP CP,PSEC,Finance,NSDQ,2560.84
POWER SOL INTL,PSIX,Auto-Tires-Trucks,NSDQ,361.03
PRICESMART INC,PSMT,Retail-Wholesale,NSDQ,2866.99
PARK STERLNG CP,PSTB,Finance,NSDQ,322.01
PTC INC,PTC,Computer and Technology,NSDQ,4129.18
PTC THERAPEUTIC,PTCT,Medical,NSDQ,1482.22
PATTERSON-UTI,PTEN,Oils-Energy,NSDQ,2487.65
PORTOLA PHARMA,PTLA,Medical,NSDQ,2609.22
PARTNER COMM,PTNR,Computer and Technology,NSDQ,626.07
PAM TRANSPORT,PTSI,Transportation,NSDQ,372.51
PERNIX THERAPTC,PTX,Medical,NSDQ,302.74
PENNTEX MIDSTRM,PTXP,Oils-Energy,NSDQ,300
PEOPLES UTAH BC,PUB,Finance,NSDQ,301.05
PRIVATEBANCORP,PVTB,Finance,NSDQ,3269.9
PAYPAL HOLDINGS,PYPL,Computer and Technology,NSDQ,47689.14
PAPA JOHNS INTL,PZZA,Retail-Wholesale,NSDQ,2862.39
QAD INC-A,QADA,Computer and Technology,NSDQ,394.29
QAD INC,QADB,Computer and Technology,NSDQ,378.62
QUALCOMM INC,QCOM,Computer and Technology,NSDQ,99017.16
QUIDEL CORP,QDEL,Medical,NSDQ,690.99
QIAGEN NV,QGEN,Medical,NSDQ,6341.19
QIWI PLC-ADR,QIWI,Business Services,NSDQ,1569.72
QLOGIC CORP,QLGC,Computer and Technology,NSDQ,819.02
QLIK TECHNOLOGS,QLIK,Computer and Technology,NSDQ,3655.73
QUALITY DISTRIB,QLTY,Transportation,NSDQ,447.93
QUALYS INC,QLYS,Computer and Technology,NSDQ,1137.19
NASDAQ-100 SHRS,QQQ,Finance,NSDQ,39937.73
NUVN-NDQ100 DOF,QQQX,Finance,NSDQ,686.15
QORVO INC,QRVO,Computer and Technology,NSDQ,7797.85
QUALITY SYS,QSII,Medical,NSDQ,759.39
QUNAR CAYMN LTD,QUNR,Computer and Technology,NSDQ,5677.1
UNIQURE BV,QURE,Medical,NSDQ,506.61
LIBERTY M INT-A,QVCA,Retail-Wholesale,NSDQ,13321.83
LIBERTY M INT-B,QVCB,Consumer Discretionary,NSDQ,14201.21
ULTRAGENYX PHAR,RARE,Medical,NSDQ,4145.71
RAVEN INDS INC,RAVN,Conglomerates,NSDQ,706.88
REPUBLIC BCP KY,RBCAA,Finance,NSDQ,526.18
RENT-A-CENTER,RCII,Consumer Discretionary,NSDQ,1416.38
RECEPTOS INC,RCPT,Medical,NSDQ,7223.55
RADNET INC,RDNT,Medical,NSDQ,305.01
RADIUS HEALTH,RDUS,Medical,NSDQ,2790.07
RADWARE LTD,RDWR,Computer and Technology,NSDQ,897.38
RESOURCES CNCTN,RECN,Business Services,NSDQ,596.74
RENEWABLE ENERG,REGI,Oils-Energy,NSDQ,429.25
REGENERON PHARM,REGN,Medical,NSDQ,59802.09
REAL INDUSTRY,RELY,Finance,NSDQ,321.66
REMY INTL INC,REMY,Auto-Tires-Trucks,NSDQ,935.61
RENTRAK CORP,RENT,Business Services,NSDQ,940.03
REPLIGEN,RGEN,Medical,NSDQ,1198.11
ROYAL GOLD INC,RGLD,Basic Materials,NSDQ,3271.13
REGULUS THERAP,RGLS,Medical,NSDQ,356.1
RELYPSA INC,RLYP,Medical,NSDQ,1238.94
RAMBUS INC,RMBS,Computer and Technology,NSDQ,1568.55
ROCKWELL MED,RMTI,Medical,NSDQ,701.62
RIGNET INC,RNET,Computer and Technology,NSDQ,468.69
RENASANT CORP,RNST,Finance,NSDQ,1286.18
GIBRALTAR INDUS,ROCK,Construction,NSDQ,607.51
RETAIL OPPURTUN,ROIC,Finance,NSDQ,1579.55
RBC BEARINGS,ROLL,Industrial Products,NSDQ,1621.2
ROSS STORES,ROST,Retail-Wholesale,NSDQ,21959.84
ROVI CORP,ROVI,Computer and Technology,NSDQ,946.95
REALPAGE INC,RP,Computer and Technology,NSDQ,1460.04
RAPID7 INC,RPD,Computer and Technology,NSDQ,791.6
RAPTOR PHARMACT,RPTP,Medical,NSDQ,1121.89
RPX CORP,RPXC,Business Services,NSDQ,817.35
DONNELLEY (RR),RRD,Business Services,NSDQ,3475.28
RED ROBIN GOURM,RRGB,Retail-Wholesale,NSDQ,1256.19
ROFIN-SINAR,RSTI,Computer and Technology,NSDQ,676.17
RTI SURGICAL,RTIX,Medical,NSDQ,384.32
RETROPHIN INC,RTRX,Medical,NSDQ,1131.45
RUSH ENTRPRS-A,RUSHA,Retail-Wholesale,NSDQ,1019.86
RUSH ENTERPRISE,RUSHB,Retail-Wholesale,NSDQ,926.85
RUTHS HOSPITLTY,RUTH,Retail-Wholesale,NSDQ,586.14
REVANCE THERAP,RVNC,Medical,NSDQ,714.1
IGNYTA INC,RXDX,Medical,NSDQ,394.9
RYANAIR HLDGS,RYAAY,Transportation,NSDQ,20277.71
INCONTACT INC,SAAS,Computer and Technology,NSDQ,415.04
SABRE CORP,SABR,Computer and Technology,NSDQ,7636.13
SANDERSON FARMS,SAFM,Consumer Staples,NSDQ,1597.9
SAFETY INS GRP,SAFT,Finance,NSDQ,849.08
SAGE THERAPEUTC,SAGE,Medical,NSDQ,1858.32
SAIA INC,SAIA,Transportation,NSDQ,1045.87
RETAILMENOT INC,SALE,Computer and Technology,NSDQ,459.7
SANMINA CORP,SANM,Computer and Technology,NSDQ,1688.77
SANDY SPRING,SASR,Finance,NSDQ,654.09
ECHOSTAR CORP,SATS,Computer and Technology,NSDQ,4281.5
SPIRIT AIRLINES,SAVE,Transportation,NSDQ,4307.64
SBA COMM CORP,SBAC,Computer and Technology,NSDQ,15763.61
SEACOAST BKNG A,SBCF,Finance,NSDQ,504.96
SINCLAIR BROADC,SBGI,Consumer Discretionary,NSDQ,2637.17
STAR BULK CARRS,SBLK,Transportation,NSDQ,658.87
SIGNATURE BANK,SBNY,Finance,NSDQ,7344.84
SABRA HEALTHCR,SBRA,Finance,NSDQ,1701.3
SOUTHSIDE BANCS,SBSI,Finance,NSDQ,694.32
STARBUCKS CORP,SBUX,Retail-Wholesale,NSDQ,84896.24
SURGICAL CARE,SCAI,Medical,NSDQ,1486.83
SCHOLASTIC CORP,SCHL,Consumer Staples,NSDQ,1425.08
SCHNITZER STEEL,SCHN,Basic Materials,NSDQ,437.04
SCICLONE PHARMA,SCLN,Medical,NSDQ,450.39
SUCAMPO PHARMAC,SCMP,Medical,NSDQ,1118.51
COMSCORE INC,SCOR,Business Services,NSDQ,2452.91
SCANSOURCE INC,SCSC,Industrial Products,NSDQ,1062.66
SELECT COMFORT,SCSS,Consumer Discretionary,NSDQ,1338.31
SOLARCITY CORP,SCTY,Oils-Energy,NSDQ,5078.54
SHOE CARNIVAL,SCVL,Retail-Wholesale,NSDQ,558.83
SOLAREDGE TECH,SEDG,Oils-Energy,NSDQ,1118.96
SEI INVESTMENTS,SEIC,Finance,NSDQ,9009.43
SUNEDISON SEMI,SEMI,Computer and Technology,NSDQ,537.14
SENECA FOODS-A,SENEA,Consumer Staples,NSDQ,302.48
SERVISFIRST BCS,SFBS,Finance,NSDQ,989.75
SHUTTERFLY INC,SFLY,Computer and Technology,NSDQ,1512.42
SPROUTS FMR MKT,SFM,Retail-Wholesale,NSDQ,3184.58
SIMMONS FIRST A,SFNC,Finance,NSDQ,1351.55
STONEGATE BANK,SGBK,Finance,NSDQ,310.7
SEATTLE GENETIC,SGEN,Medical,NSDQ,5596.43
SANGAMO BIOSCI,SGMO,Medical,NSDQ,537.18
SCIENTIFIC GAME,SGMS,Computer and Technology,NSDQ,1095.96
SAGENT PHARMA,SGNT,Medical,NSDQ,695.21
SYNERGY PHARMAC,SGYP,Medical,NSDQ,858.98
SHENANDOAH TELE,SHEN,Utilities,NSDQ,859.51
SEARS HLDG CP,SHLD,Retail-Wholesale,NSDQ,2600.02
SCHULMAN(A) INC,SHLM,Basic Materials,NSDQ,1037.74
STEVEN MADDEN,SHOO,Consumer Discretionary,NSDQ,2479.02
SHORETEL INC,SHOR,Computer and Technology,NSDQ,488.04
SHIRE PLC-ADR,SHPG,Medical,NSDQ,50007.97
SIGMA ALDRICH,SIAL,Basic Materials,NSDQ,16727.03
SIENTRA INC,SIEN,Medical,NSDQ,351.21
SELECT INS GRP,SIGI,Finance,NSDQ,1765.84
SIGMA DESIGNS,SIGM,Computer and Technology,NSDQ,350.24
SILICON MOTION,SIMO,Computer and Technology,NSDQ,833.56
SINA CORP,SINA,Computer and Technology,NSDQ,2357.16
SIRIUS XM HLDGS,SIRI,Consumer Discretionary,NSDQ,21158.97
SIRONA DENTAL,SIRO,Medical,NSDQ,5639.39
SVB FINL GP,SIVB,Finance,NSDQ,7500.44
6D GLOBAL TECH,SIXD,Business Services,NSDQ,380.12
SKY SOLAR HLDGS,SKYS,Utilities,NSDQ,3654.14
SKYWEST INC,SKYW,Transportation,NSDQ,883.14
SILICON LAB INC,SLAB,Computer and Technology,NSDQ,1886.72
SILGAN HOLDINGS,SLGN,Industrial Products,NSDQ,3246.63
SLM CORP,SLM,Finance,NSDQ,3845.72
SOLAR CAPITAL,SLRC,Finance,NSDQ,780.93
SUPER MICRO COM,SMCI,Computer and Technology,NSDQ,1256.3
STEIN MART INC,SMRT,Retail-Wholesale,NSDQ,463.48
SEMTECH CORP,SMTC,Computer and Technology,NSDQ,1141.39
SUN BANCORP/NJ,SNBC,Finance,NSDQ,385.78
STATE NATL COS,SNC,Finance,NSDQ,467.45
SYNCHRONOSS TEC,SNCR,Computer and Technology,NSDQ,2066.82
SANDISK CORP,SNDK,Computer and Technology,NSDQ,12145.72
SUN HYDRAULICS,SNHY,Industrial Products,NSDQ,872.43
SENOMYX INC,SNMX,Consumer Staples,NSDQ,310.83
SYNOPSYS INC,SNPS,Computer and Technology,NSDQ,7937.35
SODASTREAM INTL,SODA,Consumer Discretionary,NSDQ,351.23
SOHU.COM INC,SOHU,Computer and Technology,NSDQ,1912.98
SONIC CORP,SONC,Retail-Wholesale,NSDQ,1526.97
SONUS NETWORKS,SONS,Computer and Technology,NSDQ,388.26
SP PLUS CORP,SP,Consumer Discretionary,NSDQ,520.84
SILICONWARE-ADR,SPIL,Computer and Technology,NSDQ,3302.96
SPLUNK INC,SPLK,Computer and Technology,NSDQ,8506.93
STAPLES INC,SPLS,Retail-Wholesale,NSDQ,8943.53
SPECTRANETICS,SPNC,Computer and Technology,NSDQ,654.04
SAPIENS INTL NV,SPNS,Computer and Technology,NSDQ,591.61
SPOK HOLDINGS,SPOK,Computer and Technology,NSDQ,354.04
SPECTRUM PHARMA,SPPI,Medical,NSDQ,501.12
SPS COMMERCE,SPSC,Business Services,NSDQ,1204.71
SPARTAN NASH CO,SPTN,Retail-Wholesale,NSDQ,1227.25
SPORTSMANS WRHS,SPWH,Retail-Wholesale,NSDQ,502.37
SUNPOWER CORP-A,SPWR,Oils-Energy,NSDQ,3422.4
SEQUENTIAL BRND,SQBG,Consumer Discretionary,NSDQ,654.05
SQUARE 1 FIN-A,SQBK,Finance,NSDQ,719.36
SCIQUEST INC,SQI,Business Services,NSDQ,331.8
FIRST SOURCE CP,SRCE,Finance,NSDQ,890.8
STERICYCLE INC,SRCL,Business Services,NSDQ,12157.47
SURMODICS,SRDX,Medical,NSDQ,316.82
SERVICESOURCE,SREV,Computer and Technology,NSDQ,485.13
SORRENTO THERAP,SRNE,Medical,NSDQ,661.11
SAREPTA THERAP,SRPT,Medical,NSDQ,1345.99
SEARS CANADA,SRSC,Retail-Wholesale,NSDQ,551.16
SOUTH STATE CP,SSB,Finance,NSDQ,1883.33
SS&C TECHNOLOGS,SSNC,Finance,NSDQ,6565.17
SILVER STD RES,SSRI,Basic Materials,NSDQ,432.03
STRATASYS LTD,SSYS,Computer and Technology,NSDQ,1537.15
STAAR SURGICAL,STAA,Medical,NSDQ,302.27
STUDENT TRANSPT,STB,Transportation,NSDQ,405.24
S&T BANCORP INC,STBA,Finance,NSDQ,1061.07
STATE BANK FINL,STBZ,Finance,NSDQ,718.71
STOCK BUILDING,STCK,Retail-Wholesale,NSDQ,491.31
STATE AUTO FINL,STFC,Finance,NSDQ,965.93
SUNOPTA INC,STKL,Consumer Staples,NSDQ,730.72
STEEL DYNAMICS,STLD,Basic Materials,NSDQ,5065.86
STAMPS.COM INC,STMP,Retail-Wholesale,NSDQ,1381.04
STEINER LEISURE,STNR,Retail-Wholesale,NSDQ,743.71
STRAYER EDUC,STRA,Consumer Discretionary,NSDQ,602.57
STARZ-LIB CAP-A,STRZA,Consumer Discretionary,NSDQ,3443.46
STARZ-LIB CAP-B,STRZB,Consumer Discretionary,NSDQ,3731.28
SEAGATE TECH,STX,Computer and Technology,NSDQ,15589.35
SUFFOLK BCP,SUBK,Finance,NSDQ,336.05
SUPERNUS PHARMA,SUPN,Medical,NSDQ,840.63
SMITH & WESSON,SWHC,Consumer Discretionary,NSDQ,892.18
SIERRA WIRELESS,SWIR,Computer and Technology,NSDQ,713.03
SKYWORKS SOLUTN,SWKS,Computer and Technology,NSDQ,16885.42
STOCK YARDS BCP,SYBT,Finance,NSDQ,545.18
SYKES ENTRP INC,SYKE,Business Services,NSDQ,1093.77
SYMANTEC CORP,SYMC,Computer and Technology,NSDQ,15533.99
SYNAPTICS INC,SYNA,Computer and Technology,NSDQ,2837.64
SYNTEL INC,SYNT,Computer and Technology,NSDQ,3641.11
SYNUTRA INTL,SYUT,Consumer Staples,NSDQ,376.47
DEL TACO RSTRNT,TACO,Retail-Wholesale,NSDQ,561.08
TANTECH HLDGS,TANH,Basic Materials,NSDQ,540
TASER INTL INC,TASR,Industrial Products,NSDQ,1284.94
CARROLS RESTRNT,TAST,Retail-Wholesale,NSDQ,440.54
LIBERTY TAX INC,TAX,Business Services,NSDQ,303.27
BANCORP BNK/THE,TBBK,Finance,NSDQ,308.52
THERAVANCE BIO,TBPH,Medical,NSDQ,402.58
TEXAS CAP BCSHS,TCBI,Finance,NSDQ,2658.42
TRICO BANCSHRS,TCBK,Finance,NSDQ,560.33
TCP CAPITAL CP,TCPC,Finance,NSDQ,742.22
THL CREDIT INC,TCRD,Finance,NSDQ,409.57
TECH DATA CORP,TECD,Retail-Wholesale,NSDQ,2135.87
BIO-TECHNE CP,TECH,Medical,NSDQ,4030.73
TARENA INTL-ADR,TEDU,Business Services,NSDQ,605.35
TERRAFORM POWER,TERP,Utilities,NSDQ,1957.16
TESCO CORP,TESO,Oils-Energy,NSDQ,341.32
FRESH MARKET,TFM,Retail-Wholesale,NSDQ,1444.94
TFS FINANCIAL,TFSL,Finance,NSDQ,5067.47
TECNOGLASS INC,TGLS,Retail-Wholesale,NSDQ,325.62
TG THERAPEUTICS,TGTX,Medical,NSDQ,833.94
FIRST FINL-IND,THFF,Finance,NSDQ,424.04
THRESHOLD PHARM,THLD,Medical,NSDQ,302.46
THORATEC CORP,THOR,Medical,NSDQ,3443.53
GENTHERM INC,THRM,Auto-Tires-Trucks,NSDQ,1793.89
THERAVANCE INC,THRX,Medical,NSDQ,1668.95
TICC CAPITAL CP,TICC,Finance,NSDQ,398.32
INTERFACE INC A,TILE,Consumer Discretionary,NSDQ,1702.78
TITAN MACHINERY,TITN,Retail-Wholesale,NSDQ,303.57
TIVO INC,TIVO,Consumer Discretionary,NSDQ,943.76
TALMER BANCORP,TLMR,Finance,NSDQ,1187.85
TANDEM DIABETES,TNDM,Medical,NSDQ,365.87
TOWNE BANK,TOWN,Finance,NSDQ,921.53
DEALERTRACK HLD,TRAK,Computer and Technology,NSDQ,3408.12
LENDINGTREE INC,TREE,Finance,NSDQ,1393.96
TRINITY BIOTECH,TRIB,Medical,NSDQ,384.24
TRIPADVISOR INC,TRIP,Retail-Wholesale,NSDQ,10709.21
TRIMBLE NAVIGAT,TRMB,Computer and Technology,NSDQ,5111.32
TRUSTMARK CP,TRMK,Finance,NSDQ,1625.42
TORNIER NV,TRNX,Medical,NSDQ,1167.08
T ROWE PRICE,TROW,Finance,NSDQ,19431.19
TRIMAS CORP,TRS,Industrial Products,NSDQ,775.38
TRUSTCO BK -NY,TRST,Finance,NSDQ,586.5
TRUECAR INC,TRUE,Computer and Technology,NSDQ,471.99
TRISTATE CP HLD,TSC,Finance,NSDQ,352.25
TRACTOR SUPPLY,TSCO,Retail-Wholesale,NSDQ,12510.36
TOWER SEMICOND,TSEM,Computer and Technology,NSDQ,1074.53
TESLA MOTORS,TSLA,Auto-Tires-Trucks,NSDQ,30654.23
TESSERA TEC INC,TSRA,Computer and Technology,NSDQ,1943.07
TESARO INC,TSRO,Medical,NSDQ,2036.45
TELETECH HLDGS,TTEC,Business Services,NSDQ,1351.59
TETRA TECH NEW,TTEK,Industrial Products,NSDQ,1583.47
TECHTARGET,TTGT,Computer and Technology,NSDQ,331.51
TTM TECHNOLOGIE,TTMI,Computer and Technology,NSDQ,759.63
TETRAPHASE PHAR,TTPH,Medical,NSDQ,1548.53
TILE SHOP HLDGS,TTS,Retail-Wholesale,NSDQ,712.83
TAKE-TWO INTER,TTWO,Consumer Discretionary,NSDQ,2686.94
TUBEMOGUL INC,TUBE,Business Services,NSDQ,450.55
TUESDAY MORNING,TUES,Retail-Wholesale,NSDQ,426.91
TOWERS WATSON,TW,Business Services,NSDQ,8762.99
2U INC,TWOU,Computer and Technology,NSDQ,1583.58
TEXAS INSTRS,TXN,Computer and Technology,NSDQ,51647.74
TEXAS ROADHOUSE,TXRH,Retail-Wholesale,NSDQ,2715.22
MONOTYPE IMAGNG,TYPE,Computer and Technology,NSDQ,954.87
UNIVL TRUCKLOAD,UACL,Transportation,NSDQ,592.4
UNITED FIN BCP,UBNK,Finance,NSDQ,659.8
UBIQUITI NETWRK,UBNT,Computer and Technology,NSDQ,2784.35
UNION BANKSHARS,UBSH,Finance,NSDQ,1099.4
UTD BANKSHARES,UBSI,Finance,NSDQ,2783.93
UTD CMNTY BK/GA,UCBI,Finance,NSDQ,1299.16
UTD DEVELOPMENT,UDF,Finance,NSDQ,537.1
UNIVL ELECTRS,UEIC,Computer and Technology,NSDQ,767.71
NET 1 UEPS TECH,UEPS,Industrial Products,NSDQ,915.83
UNITED FIRE GRP,UFCS,Finance,NSDQ,915.15
UNIVL FST PRODS,UFPI,Construction,NSDQ,1244.62
AMERCO INC,UHAL,Transportation,NSDQ,7204.18
ULTA SALON COSM,ULTA,Retail-Wholesale,NSDQ,10637.63
ULTIMATE SOFTWR,ULTI,Computer and Technology,NSDQ,5293.59
UMB FINL CORP,UMBF,Finance,NSDQ,2691.45
UMPQUA HLDGS CP,UMPQ,Finance,NSDQ,3832.87
UTD NATURAL FDS,UNFI,Consumer Staples,NSDQ,2232.92
URBAN OUTFITTER,URBN,Retail-Wholesale,NSDQ,4175.79
US CONCRETE INC,USCR,Construction,NSDQ,775.83
US LIME&MINERAL,USLM,Construction,NSDQ,300.72
ULTRATECH STEP,UTEK,Computer and Technology,NSDQ,455.08
UTD THERAPEUTIC,UTHR,Medical,NSDQ,7514.1
UTI WORLDWIDE,UTIW,Transportation,NSDQ,844.83
UNIVEST CORP PA,UVSP,Finance,NSDQ,395.5
VIRGIN AMERICA,VA,Transportation,NSDQ,1497.28
VASCULAR SOLUTN,VASC,Medical,NSDQ,648.71
VASCO DATA SEC,VDSI,Computer and Technology,NSDQ,761.69
VIDEOCON D2H,VDTH,Consumer Discretionary,NSDQ,1195.7
VEECO INSTRS-DE,VECO,Computer and Technology,NSDQ,967.92
VIACOM INC-A,VIA,Consumer Discretionary,NSDQ,18232.6
VIACOM INC-B,VIAB,Consumer Discretionary,NSDQ,18050
VIAVI SOLUTIONS,VIAV,Computer and Technology,NSDQ,1456.51
VICOR CORP,VICR,Computer and Technology,NSDQ,416.81
VIMPELCOM LTD,VIP,Utilities,NSDQ,10083.64
VIRTU FINL INC,VIRT,Finance,NSDQ,720.06
MERIDIAN BIOSCI,VIVO,Medical,NSDQ,762.11
VILLAGE SPRMKT,VLGEA,Retail-Wholesale,NSDQ,405.2
VANDA PHARMACT,VNDA,Medical,NSDQ,501.92
21VIANET GP-ADR,VNET,Computer and Technology,NSDQ,1733.22
VIPER ENERGY,VNOM,Oils-Energy,NSDQ,1135.91
VANGUARD NATURL,VNR,Oils-Energy,NSDQ,757.8
VODAFONE GP PLC,VOD,Computer and Technology,NSDQ,99976.91
VERA BRADLEY,VRA,Retail-Wholesale,NSDQ,426.81
VARONIS SYSTEMS,VRNS,Computer and Technology,NSDQ,584.13
VERINT SYSTEMS,VRNT,Computer and Technology,NSDQ,3504.16
VERISK ANALYTIC,VRSK,Business Services,NSDQ,13084.7
VERISIGN INC,VRSN,Computer and Technology,NSDQ,8046.65
VIRTUS INVESTMT,VRTS,Finance,NSDQ,1065.34
VIRTUSA CORP,VRTU,Computer and Technology,NSDQ,1471.29
VERTEX PHARM,VRTX,Medical,NSDQ,33698.92
VERSARTIS INC,VSAR,Medical,NSDQ,551.66
VIASAT INC,VSAT,Computer and Technology,NSDQ,2881.38
VITAL THERAPIES,VTL,Medical,NSDQ,457.67
VWR CORP,VWR,Medical,NSDQ,3478.39
WESTAMER BANCP,WABC,Finance,NSDQ,1239.73
WASH FEDL INC,WAFD,Finance,NSDQ,2186.02
WASH TR BANCORP,WASH,Finance,NSDQ,663.76
WEIBO CORP ADS,WB,Computer and Technology,NSDQ,2809.81
WALGREENS BAI,WBA,Retail-Wholesale,NSDQ,101888.16
WEBMD HEALTH CP,WBMD,Computer and Technology,NSDQ,1630.08
WESTERN DIGITAL,WDC,Computer and Technology,NSDQ,19283.46
WD 40 CO,WDFC,Consumer Staples,NSDQ,1303.92
WENDYS CO/THE,WEN,Retail-Wholesale,NSDQ,2850.58
WERNER ENTRPRS,WERN,Transportation,NSDQ,1995
WISDOMTREE INV,WETF,Finance,NSDQ,3384.65
WHOLE FOODS MKT,WFM,Retail-Wholesale,NSDQ,12361.74
WILSHIRE BCP,WIBC,Finance,NSDQ,893.6
BOINGO WIRELESS,WIFI,Computer and Technology,NSDQ,361.86
WINDSTREAM HLDG,WIN,Computer and Technology,NSDQ,568.65
WINMARK CORP,WINA,Retail-Wholesale,NSDQ,415.15
WINGSTOP INC,WING,Retail-Wholesale,NSDQ,900.02
ENCORE WIRE CP,WIRE,Industrial Products,NSDQ,685.51
WIX.COM LTD,WIX,Computer and Technology,NSDQ,832.93
WRIGHT MEDICAL,WMGI,Medical,NSDQ,1272.6
VCA INC,WOOF,Medical,NSDQ,4728.42
WPP PLC,WPPGY,Business Services,NSDQ,29044.51
WORLD ACCEPTANC,WRLD,Finance,NSDQ,451.12
WESBANCO INC,WSBC,Finance,NSDQ,1240.99
WATERSTONE FINL,WSBF,Finance,NSDQ,389.46
WSFS FINL CORP,WSFS,Finance,NSDQ,788.99
WEST CORP,WSTC,Computer and Technology,NSDQ,2236.64
WEST BANCORP,WTBA,Finance,NSDQ,311.54
WINTRUST FINL,WTFC,Finance,NSDQ,2553.1
WOODWARD INC,WWD,Computer and Technology,NSDQ,3065.88
WEB.COM GROUP,WWWW,Computer and Technology,NSDQ,1219.33
WYNN RESRTS LTD,WYNN,Consumer Discretionary,NSDQ,10472.53
XBIOTECH INC,XBIT,Medical,NSDQ,443.63
XCERRA CORP,XCRA,Computer and Technology,NSDQ,343.38
INTERSECT ENT,XENT,Medical,NSDQ,755.22
XILINX INC,XLNX,Computer and Technology,NSDQ,11174.03
ACCELERON PHARM,XLRN,Medical,NSDQ,923.33
XENCOR INC,XNCR,Medical,NSDQ,841.89
XUNLEI LTD-ADR,XNET,Computer and Technology,NSDQ,607.24
XENOPORT INC,XNPT,Medical,NSDQ,399.25
XOOM CORP,XOOM,Business Services,NSDQ,974.91
DENTSPLY INTL,XRAY,Medical,NSDQ,7798.49
IXIA,XXIA,Computer and Technology,NSDQ,1235.09
YODLEE INC,YDLE,Computer and Technology,NSDQ,372.92
YAHOO! INC,YHOO,Computer and Technology,NSDQ,34412.7
YANDEX NV-A,YNDX,Computer and Technology,NSDQ,4308.7
YRC WORLDWD INC,YRCW,Transportation,NSDQ,645.89
YY INC-ADR,YY,Computer and Technology,NSDQ,3262.17
ZILLOW GROUP,Z,Computer and Technology,NSDQ,4374.62
ZAIS GROUP HLDG,ZAIS,Finance,NSDQ,346.84
ZEBRA TECH CL A,ZBRA,Industrial Products,NSDQ,5486.99
ZAFGEN INC,ZFGN,Medical,NSDQ,1021.97
ZOGENIX INC,ZGNX,Medical,NSDQ,454.24
HORSEHEAD HLDG,ZINC,Industrial Products,NSDQ,492.37
ZIONS BANCORP,ZION,Finance,NSDQ,6258.92
ZIOPHARM ONCLGY,ZIOP,Medical,NSDQ,1564.44
ZELTIQ AESTHETC,ZLTQ,Medical,NSDQ,1328.56
ZYNGA INC,ZNGA,Consumer Discretionary,NSDQ,2428.43
ZS PHARMA INC,ZSPH,Medical,NSDQ,1412.35
ZULILY-A,ZU,Retail-Wholesale,NSDQ,1605.17
ZUMIEZ INC,ZUMZ,Retail-Wholesale,NSDQ,675.24
