Company Name,Ticker,Sector,Market Cap,Exchange
AGILENT TECH,A,Computer and Technology,13324.35,NYSE
ALCOA INC,AA,Basic Materials,12325.24,NYSE
AAC HOLDINGS,AAC,Medical,398.21,NYSE
AARONS INC,AAN,Retail-Wholesale,2662.01,NYSE
ADVANCE AUTO PT,AAP,Retail-Wholesale,12714.68,NYSE
AMER ASSETS TR,AAT,Finance,1824.65,NYSE
ADV OIL&GAS LTD,AAV,Oils-Energy,926.9,NYSE
ALLIANCEBERNSTN,AB,Finance,2826.01,NYSE
ABB LTD-ADR,ABB,Industrial Products,47452.23,NYSE
ABBVIE INC,ABBV,Medical,109316.88,NYSE
AMERISOURCEBRGN,ABC,Medical,22926.43,NYSE
AMBEV-PR ADR,ABEV,Consumer Staples,86761.23,NYSE
ASBURY AUTO GRP,ABG,Retail-Wholesale,2227.22,NYSE
ABM INDUSTRIES,ABM,Business Services,1863.42,NYSE
ARBOR RLTY TRST,ABR,Finance,333.3,NYSE
ABBOTT LABS,ABT,Medical,74601.61,NYSE
BARRICK GOLD CP,ABX,Basic Materials,8201.6,NYSE
AMER CAMPUS CTY,ACC,Finance,4171.34,NYSE
ACCO BRANDS CP,ACCO,Industrial Products,836.44,NYSE
ACE LIMITED,ACE,Finance,35573.21,NYSE
ALLIANCEBERN IF,ACG,Finance,1931.15,NYSE
ALUMINUM CP-ADR,ACH,Basic Materials,5186.52,NYSE
AECOM TECH CORP,ACM,Construction,4550.44,NYSE
ACCENTURE PLC,ACN,Business Services,64747.77,NYSE
ARES COMMERCIAL,ACRE,Finance,359.34,NYSE
AGREE RLTY CORP,ADC,Finance,554.06,NYSE
ARCHER DANIELS,ADM,Consumer Staples,28797.71,NYSE
ADEPTUS HEALTH,ADPT,Medical,1585.3,NYSE
ALLIANCE DATA,ADS,Business Services,16763.16,NYSE
ADT CORP,ADT,Business Services,5638.38,NYSE
ADAMS EXPRESS,ADX,Finance,1336.19,NYSE
ASSOC ESTATES,AEC,Finance,1668.1,NYSE
AMEREN CORP,AEE,Utilities,10218.31,NYSE
AEGON N V,AEG,Finance,20845.7,NYSE
AMER EQUITY INV,AEL,Finance,2006.48,NYSE
AGNICO EAGLE,AEM,Basic Materials,4799.01,NYSE
AMER EAGLE OUTF,AEO,Retail-Wholesale,3455.04,NYSE
AMER ELEC PWR,AEP,Utilities,27849.09,NYSE
AERCAP HLDGS NV,AER,Finance,9161.63,NYSE
AES CORP,AES,Utilities,8626.05,NYSE
AETNA INC-NEW,AET,Medical,40573.32,NYSE
ASTORIA FINL CP,AF,Finance,1607.63,NYSE
AMER FINL GROUP,AFG,Finance,6267.03,NYSE
AFLAC INC,AFL,Finance,27581.64,NYSE
FIRST MAJESTIC,AG,Basic Materials,370.3,NYSE
AGCO CORP,AGCO,Industrial Products,5012.8,NYSE
ALAMOS GOLD INC,AGI,Basic Materials,781.85,NYSE
FED AGRIC MTG-C,AGM,Finance,284.31,NYSE
ALLERGAN PLC,AGN,Medical,126131.55,NYSE
ASSURED GUARNTY,AGO,Finance,3831.4,NYSE
ADECOAGRO SA,AGRO,Consumer Staples,1019.85,NYSE
AGRIUM INC,AGU,Basic Materials,14414.46,NYSE
ARGAN INC,AGX,Business Services,574.33,NYSE
ARMADA HOFFLER,AHH,Finance,260.56,NYSE
ASPEN INS HLDGS,AHL,Finance,2961.1,NYSE
ASHFORD HOSP PR,AHP,Finance,313.4,NYSE
AMN HLTHCR SVCS,AHS,Medical,1626.42,NYSE
ASHFORD HOSPTLY,AHT,Finance,816.64,NYSE
ARLINGTON ASSET,AI,Finance,416.85,NYSE
AMER INTL GRP,AIG,Finance,82019.49,NYSE
ALBANY INTL A,AIN,Industrial Products,1073.6,NYSE
AAR CORP,AIR,Aerospace,941.44,NYSE
APPLD INDL TECH,AIT,Industrial Products,1520.42,NYSE
APARTMENT INVT,AIV,Finance,6146.57,NYSE
ASSURANT INC,AIZ,Finance,5233.61,NYSE
GALLAGHER ARTHU,AJG,Finance,8308.34,NYSE
AEROJET ROCKETD,AJRD,Aerospace,1419.39,NYSE
EMBOT ANDINA-A,AKO.A,Consumer Staples,2172.38,NYSE
EMBOT ANDINA-B,AKO.B,Consumer Staples,1370.93,NYSE
ACADIA RLTY TR,AKR,Finance,2195.65,NYSE
AK STEEL HLDG,AKS,Basic Materials,540.62,NYSE
AIR LEASE CORP,AL,Transportation,3728.75,NYSE
ALBEMARLE CORP,ALB,Basic Materials,5748.41,NYSE
ALON USA PTNRS,ALDW,Oils-Energy,1505.87,NYSE
ALLETE INC,ALE,Utilities,2501.61,NYSE
ALEXANDR&BALDWN,ALEX,Finance,1754.8,NYSE
ALAMO GROUP INC,ALG,Industrial Products,581.66,NYSE
ALON USA ENERGY,ALJ,Oils-Energy,1469.98,NYSE
ALASKA AIR GRP,ALK,Transportation,9929.84,NYSE
ALLSTATE CORP,ALL,Finance,25040.39,NYSE
ALLEGION PLC,ALLE,Industrial Products,6004.54,NYSE
ALLY FINANCIAL,ALLY,Finance,10588.87,NYSE
ALERE INC,ALR,Medical,4248.15,NYSE
ALLISON TRANSMN,ALSN,Auto-Tires-Trucks,5188.6,NYSE
ALCATEL ADS,ALU,Computer and Technology,10175.71,NYSE
AUTOLIV INC,ALV,Auto-Tires-Trucks,9220.6,NYSE
ALEXANDERS INC,ALX,Finance,1970.92,NYSE
ANTERO MIDSTRM,AM,Oils-Energy,3427.98,NYSE
AMC ENTERTAINMT,AMC,Consumer Discretionary,2882.15,NYSE
AMETEK INC,AME,Computer and Technology,13269.16,NYSE
AFFIL MANAGERS,AMG,Finance,11438.41,NYSE
AMERICAN HM 4 R,AMH,Finance,3348.33,NYSE
AMER MIDSTREAM,AMID,Oils-Energy,298.44,NYSE
AMERIPRISE FINL,AMP,Finance,21930.09,NYSE
AMERESCO INC-A,AMRC,Utilities,294.77,NYSE
AMER TOWER CORP,AMT,Finance,42181.84,NYSE
TD AMERITRADE,AMTD,Finance,20139.82,NYSE
APOLLO RES MTGE,AMTG,Finance,457.06,NYSE
AMER MOVIL-ADR,AMX,Computer and Technology,73260.47,NYSE
AUTONATION INC,AN,Retail-Wholesale,6867.72,NYSE
ARISTA NETWORKS,ANET,Computer and Technology,5593.67,NYSE
ABERCROMBIE,ANF,Retail-Wholesale,1364.94,NYSE
AMIRA NATURE FD,ANFI,Consumer Staples,341.15,NYSE
ANWORTH MTGE,ANH,Finance,535.58,NYSE
ANN INC,ANN,Retail-Wholesale,2107.01,NYSE
ANTHEM INC,ANTM,Medical,39926.03,NYSE
AEGEAN MARINE,ANW,Transportation,552.07,NYSE
AON PLC,AON,Finance,28373.96,NYSE
SMITH (AO) CORP,AOS,Industrial Products,6331.42,NYSE
APACHE CORP,APA,Oils-Energy,17387.85,NYSE
ARTISAN PTNR AM,APAM,Finance,3406.09,NYSE
ANADARKO PETROL,APC,Oils-Energy,37110.28,NYSE
AIR PRODS & CHE,APD,Basic Materials,31428.22,NYSE
AMPHENOL CORP-A,APH,Computer and Technology,17163.71,NYSE
APPLE HOSP REIT,APLE,Finance,3366.91,NYSE
APOLLO GLOBAL-A,APO,Finance,3610.13,NYSE
AMERIGAS PARTNR,APU,Oils-Energy,4193.05,NYSE
ANTERO RESOURCE,AR,Oils-Energy,7194.34,NYSE
ARC DOC SOLUT,ARC,Industrial Products,324.33,NYSE
ARCOS DORADOS-A,ARCO,Retail-Wholesale,893.42,NYSE
ALEXANDRIA REAL,ARE,Finance,6696.44,NYSE
ARES MANAGEMENT,ARES,Finance,1535.92,NYSE
AIRGAS INC,ARG,Basic Materials,7740.66,NYSE
APOLLO COMMERCL,ARI,Finance,985.11,NYSE
ARAMARK HOLDING,ARMK,Consumer Staples,7705.61,NYSE
ATLAS RES PTNRS,ARP,Oils-Energy,340.15,NYSE
AMERICAN RES PR,ARPI,Finance,573.07,NYSE
ARMOUR RES REIT,ARR,Finance,967.63,NYSE
ARROW ELECTRONI,ARW,Computer and Technology,5480.14,NYSE
ASSOC BANC CORP,ASB,Finance,2962.18,NYSE
ARDMORE SHIPPIN,ASC,Transportation,342.95,NYSE
ON ASSIGNMENT,ASGN,Business Services,2032,NYSE
ASHLAND INC,ASH,Basic Materials,7690.88,NYSE
GRUPO AEROP-ADR,ASR,Transportation,4334.45,NYSE
ADV SEMICON ADR,ASX,Computer and Technology,8414.11,NYSE
ATLANTIC PWR CP,AT,Utilities,284.01,NYSE
ADVANTEST ADR,ATE,Computer and Technology,1511.8,NYSE
A10 NETWORKS,ATEN,Computer and Technology,426.4,NYSE
AUTOHOME INC,ATHM,Computer and Technology,4001.59,NYSE
ALLEGHENY TECH,ATI,Basic Materials,2289.04,NYSE
ATMOS ENERGY CP,ATO,Utilities,5619.69,NYSE
APTARGROUP INC,ATR,Industrial Products,4319.74,NYSE
ATENTO SA,ATTO,Business Services,895.22,NYSE
ACTUANT CORP,ATU,Industrial Products,1365.04,NYSE
ATWOOD OCEANICS,ATW,Oils-Energy,1286.59,NYSE
ANGLOGOLD LTD,AU,Basic Materials,2317.82,NYSE
AU OPTRONCS-ADR,AUO,Computer and Technology,3060.51,NYSE
YAMANA GOLD INC,AUY,Basic Materials,1769.95,NYSE
AVIVA PLC-ADR,AV,Finance,33213.36,NYSE
AVISTA CORP,AVA,Utilities,2042.59,NYSE
GRUPO AVAL SA,AVAL,Finance,2045.93,NYSE
AVALONBAY CMMTY,AVB,Finance,22980.88,NYSE
AMER VANGUARD,AVD,Basic Materials,331.44,NYSE
AVG TECHNOLOGS,AVG,Computer and Technology,1328.19,NYSE
AVIANCA HOLDNGS,AVH,Transportation,657.48,NYSE
AVOLON HOLDINGS,AVOL,Transportation,2370.66,NYSE
AVON PRODS INC,AVP,Consumer Staples,2668.27,NYSE
AVNET,AVT,Computer and Technology,5871.63,NYSE
AVX CORP,AVX,Computer and Technology,2200.67,NYSE
AVERY DENNISON,AVY,Industrial Products,5738.03,NYSE
ALLIANCE WORLD,AWF,Finance,989.92,NYSE
ALLIED WORLD AS,AWH,Finance,3864.28,NYSE
ARMSTRONG WORLD,AWI,Construction,3145.14,NYSE
AMER WATER WORK,AWK,Utilities,9413.81,NYSE
AMER STATES WTR,AWR,Utilities,1466.24,NYSE
ANIXTER INTL,AXE,Computer and Technology,2077.71,NYSE
AMER AXLE & MFG,AXL,Auto-Tires-Trucks,1575.18,NYSE
AXIALL CORP,AXLL,Basic Materials,1984.11,NYSE
AXOVANT SCIENC,AXON,Medical,1177.9,NYSE
AMER EXPRESS CO,AXP,Finance,79822.28,NYSE
AXIS CAP HLDGS,AXS,Finance,5740.45,NYSE
AXALTA COAT SYS,AXTA,Basic Materials,7170.5,NYSE
ACUITY BRANDS,AYI,Construction,8994.47,NYSE
AIRCASTLE LTD,AYR,Transportation,1898.01,NYSE
ASTRAZENECA PLC,AZN,Medical,85168.32,NYSE
AUTOZONE INC,AZO,Retail-Wholesale,21746.24,NYSE
AZZ INC,AZZ,Industrial Products,1337.51,NYSE
BARNES GRP,B,Industrial Products,2183.93,NYSE
BOEING CO,BA,Aerospace,96773.68,NYSE
ALIBABA GROUP,BABA,Retail-Wholesale,196695.23,NYSE
BANK OF AMER CP,BAC,Finance,185816.67,NYSE
BOOZ ALLEN HMLT,BAH,Business Services,3919.78,NYSE
BRASKEM SA,BAK,Oils-Energy,2945.97,NYSE
BROOKFIELD ASST,BAM,Finance,33841.16,NYSE
BANC OF CA INC,BANC,Finance,424.2,NYSE
CREDICORP LTD,BAP,Finance,10360.03,NYSE
BASIC EGY SVCS,BAS,Oils-Energy,266,NYSE
BAXTER INTL,BAX,Medical,22763.08,NYSE
BANCO BRADESCO,BBD,Finance,36197.67,NYSE
BANCO BRADE-ADR,BBDO,Finance,19338.65,NYSE
BILLITON ADR,BBL,Basic Materials,38841,NYSE
BB&T CORP,BBT,Finance,29544.62,NYSE
BANCO BILBAO VZ,BBVA,Finance,63369.73,NYSE
BUILD-A-BEAR WK,BBW,Retail-Wholesale,356.88,NYSE
BBX CAPITAL CP,BBX,Finance,258.75,NYSE
BEST BUY,BBY,Retail-Wholesale,10851.24,NYSE
BRUNSWICK CORP,BC,Consumer Discretionary,4847.23,NYSE
CORPBANCA -ADR,BCA,Finance,3396.77,NYSE
BOISE CASCADE,BCC,Construction,1243.28,NYSE
BCE INC,BCE,Utilities,34967.82,NYSE
BONANZA CREEK,BCEI,Oils-Energy,336.3,NYSE
BANCO DE CHILE,BCH,Finance,10068.18,NYSE
BRINKS CO THE,BCO,Business Services,1456.16,NYSE
BARD C R INC,BCR,Medical,14733.7,NYSE
BARCLAY PLC-ADR,BCS,Finance,73058.3,NYSE
BELDEN INC,BDC,Industrial Products,2380.99,NYSE
BRANDYWINE RT,BDN,Finance,2441.22,NYSE
BECTON DICKINSO,BDX,Medical,31181.76,NYSE
STRATEGIC HOTEL,BEE,Finance,3639.65,NYSE
BELMOND LTD,BEL,Consumer Discretionary,1216.95,NYSE
FRANKLIN RESOUR,BEN,Finance,27210.55,NYSE
BROOKFLD RENWBL,BEP,Utilities,4074.02,NYSE
BERRY PLASTICS,BERY,Industrial Products,3511.34,NYSE
BROWN-FORMAN -A,BF.A,Consumer Staples,24797.97,NYSE
BROWN FORMAN  B,BF.B,Consumer Staples,22731.99,NYSE
BRIGHT HORZN FS,BFAM,Consumer Discretionary,3832.47,NYSE
BANCO FRANC-ADR,BFR,Finance,3117.2,NYSE
SAUL CENTERS,BFS,Finance,1093.5,NYSE
BUNGE LTD,BG,Basic Materials,10963.79,NYSE
GENL CABLE CORP,BGC,Industrial Products,783.67,NYSE
BRIGGS & STRATT,BGG,Industrial Products,811.72,NYSE
B&G FOODS CL-A,BGS,Consumer Staples,1728.29,NYSE
BIGLARI HOLDING,BH,Retail-Wholesale,874.64,NYSE
BENCHMARK ELETR,BHE,Computer and Technology,1149.63,NYSE
BAKER-HUGHES,BHI,Oils-Energy,24287.35,NYSE
BERKSHIRE HILLS,BHLB,Finance,852.86,NYSE
BHP BILLITN LTD,BHP,Basic Materials,62049.89,NYSE
SOTHEBYS,BID,Business Services,2605.11,NYSE
BOULDER GR&INC,BIF,Finance,866.82,NYSE
BIG LOTS INC,BIG,Retail-Wholesale,2173.3,NYSE
PROGRESSV WASTE,BIN,Industrial Products,2963.6,NYSE
BIO-RAD LABS -A,BIO,Medical,4335.43,NYSE
BIO-RAD LABS -B,BIO.B,Medical,4372.14,NYSE
BROOKFIELD INFR,BIP,Utilities,6768.91,NYSE
BITAUTO HOLDNGS,BITA,Computer and Technology,1841.28,NYSE
BANK OF NY MELL,BK,Finance,50215.54,NYSE
BROOKDALE SENR,BKD,Medical,5362.24,NYSE
BUCKLE INC,BKE,Retail-Wholesale,2073.29,NYSE
BLACK KNGHT FIN,BKFS,Computer and Technology,2265.33,NYSE
BLACK HILLS COR,BKH,Utilities,1873.56,NYSE
BLACKROCK INVT,BKN,Finance,259.14,NYSE
BARNES & NOBLE,BKS,Retail-Wholesale,1203.84,NYSE
BLACKROCK INCOM,BKT,Finance,406.68,NYSE
BANKUNITED INC,BKU,Finance,3820.33,NYSE
TOPBUILD CORP,BLD,Construction,1085.85,NYSE
BLACKROCK INC,BLK,Finance,55212.87,NYSE
BALL CORP,BLL,Industrial Products,9577.74,NYSE
INFOBLOX INC,BLOX,Computer and Technology,1323.3,NYSE
BLOUNT INTL,BLT,Industrial Products,347.69,NYSE
BANCO LATINOAME,BLX,Finance,1019.05,NYSE
BANCO MACRO-ADR,BMA,Finance,2735.82,NYSE
BADGER METER,BMI,Computer and Technology,838.71,NYSE
BANK MONTREAL,BMO,Finance,35812.72,NYSE
BIOMED RLTY TR,BMR,Finance,4250.5,NYSE
BEMIS,BMS,Industrial Products,4386.79,NYSE
BRISTOL-MYERS,BMY,Medical,105736.37,NYSE
C1 FINANCIAL,BNK,Finance,294.97,NYSE
BANK OF NOVA SC,BNS,Finance,57817.08,NYSE
BANK OF HAWAII,BOH,Finance,2942.84,NYSE
BOOT BARN HLDGS,BOOT,Retail-Wholesale,690.83,NYSE
BOX INC-A,BOX,Computer and Technology,1877.84,NYSE
BROOKFLD CDA OP,BOXC,Finance,509.07,NYSE
BP PLC,BP,Oils-Energy,108703.62,NYSE
BRIDGEPOINT EDU,BPI,Consumer Discretionary,388.62,NYSE
BUCKEYE PARTNRS,BPL,Oils-Energy,8720.26,NYSE
BP PRUDHOE BAY,BPT,Oils-Energy,1071.28,NYSE
BROOKFIELD PPTY,BPY,Finance,5728.19,NYSE
BROADRIDGE FINL,BR,Business Services,6718.99,NYSE
BRADY CORP CL A,BRC,Industrial Products,1184.42,NYSE
BRF-BRASIL FOOD,BRFS,Consumer Staples,17036.44,NYSE
BERKSHIRE HTH-A,BRK.A,Finance,354005.31,NYSE
BERKSHIRE HTH-B,BRK.B,Finance,353785.75,NYSE
BROWN & BROWN,BRO,Finance,4728.77,NYSE
BRISTOW GROUP,BRS,Transportation,1513,NYSE
GLOBAL B&C HLD,BRSS,Industrial Products,390.46,NYSE
BRIXMOR PPTY GP,BRX,Finance,7357.75,NYSE
BANCO SANT -ADR,BSAC,Finance,9488.26,NYSE
BANCO SANT-ADS,BSBR,Finance,16645.84,NYSE
BLACK STONE MNL,BSM,Oils-Energy,1293.58,NYSE
GRUPO FIN SANTR,BSMX,Finance,5853.51,NYSE
BOSTON SCIENTIF,BSX,Medical,23180.29,NYSE
BT GRP PLC-ADR,BT,Utilities,60532.17,NYSE
BAYTEX ENERGY,BTE,Oils-Energy,1678.41,NYSE
JHN HAN BK & TH,BTO,Finance,528.26,NYSE
PEABODY ENERGY,BTU,Oils-Energy,292.27,NYSE
ANHEUSER-BU ADR,BUD,Consumer Staples,193986.14,NYSE
BURLINGTON STRS,BURL,Retail-Wholesale,4000.18,NYSE
BUENAVENTUR-ADR,BVN,Basic Materials,1624.25,NYSE
BABCOCK&WILCOX,BW,Computer and Technology,1048.04,NYSE
BORG WARNER INC,BWA,Auto-Tires-Trucks,10831.44,NYSE
BOARDWALK PIPLN,BWP,Oils-Energy,3343.97,NYSE
BWX TECHNOLGS,BWXT,Computer and Technology,2701.45,NYSE
BLACKSTONE GRP,BX,Finance,20742.23,NYSE
BELLATRIX EXPLR,BXE,Oils-Energy,318.65,NYSE
BAXALTA INC,BXLT,Medical,25433.54,NYSE
BLACKSTONE MRTG,BXMT,Finance,2676.63,NYSE
BOSTON PPTYS,BXP,Finance,18454.51,NYSE
BANCORPSOUTH,BXS,Finance,2441.44,NYSE
BOYD GAMING CP,BYD,Consumer Discretionary,1870.7,NYSE
BEAZER HOMES,BZH,Construction,463.06,NYSE
CITIGROUP INC,C,Finance,174300.13,NYSE
CABELAS INC,CAB,Retail-Wholesale,3066,NYSE
CABLE ONE INC,CABO,Consumer Discretionary,2421.9,NYSE
CACI INTL  A,CACI,Computer and Technology,1984.05,NYSE
CAE INC,CAE,Aerospace,3042.19,NYSE
CONAGRA FOODS,CAG,Consumer Staples,19362.76,NYSE
CARDINAL HEALTH,CAH,Medical,28147.36,NYSE
CANON INC ADR,CAJ,Computer and Technology,35357.08,NYSE
CALERES INC,CAL,Consumer Discretionary,1399.74,NYSE
CALIX INC,CALX,Computer and Technology,414.95,NYSE
CAMERON INTL,CAM,Oils-Energy,9476.11,NYSE
CAI INTL INC,CAP,Transportation,290.68,NYSE
CROSSAMERICA LP,CAPL,Oils-Energy,528.11,NYSE
CATERPILLAR INC,CAT,Industrial Products,46577.5,NYSE
CATO CORP A,CATO,Retail-Wholesale,961.21,NYSE
CHUBB CORP,CB,Finance,28434.02,NYSE
CLEARBRIDGE AMR,CBA,Finance,698.89,NYSE
CINCINNATI BELL,CBB,Utilities,803.92,NYSE
COMPANHIA BRASL,CBD,Retail-Wholesale,5157.29,NYSE
CBRE GROUP INC,CBG,Finance,12473.36,NYSE
CHICAGO BRIDGE,CBI,Construction,5563.04,NYSE
CBL&ASSOC PPTYS,CBL,Finance,2758.58,NYSE
CAMBREX CORP,CBM,Medical,1578.69,NYSE
CONTL BLDG PRD,CBPX,Construction,890.04,NYSE
CIBER INC,CBR,Computer and Technology,252.38,NYSE
CBS CORP,CBS,Consumer Discretionary,24774.48,NYSE
CBS CORP-A,CBS.A,Consumer Discretionary,26413.31,NYSE
CABOT CORP,CBT,Basic Materials,2151.53,NYSE
COMMNTY BK SYS,CBU,Finance,1545.56,NYSE
CBIZ INC,CBZ,Business Services,463.25,NYSE
CHEMOURS COMPNY,CC,Basic Materials,1993.33,NYSE
CALGON CARBON,CCC,Industrial Products,820.11,NYSE
COCA-COLA ENTRP,CCE,Consumer Staples,11846.04,NYSE
CAMPUS CREST CM,CCG,Finance,360.84,NYSE
CROWN CASTLE,CCI,Finance,27481.96,NYSE
CAMECO CORP,CCJ,Basic Materials,5438.2,NYSE
CROWN HLDGS INC,CCK,Industrial Products,7138.78,NYSE
CARNIVAL CORP,CCL,Consumer Discretionary,30936.91,NYSE
CLEAR CHANL OUT,CCO,Business Services,3300.72,NYSE
CENTURY COMMUNT,CCS,Construction,439.52,NYSE
CERV UNIDAS-ADR,CCU,Consumer Staples,4203.11,NYSE
COEUR MINING,CDE,Basic Materials,372.95,NYSE
CEDAR SHOPN CTR,CDR,Finance,591.77,NYSE
CELANESE CP-A,CE,Basic Materials,9962.7,NYSE
CHINA EASTN-ADR,CEA,Transportation,10476.54,NYSE
CEB INC,CEB,Business Services,2508.16,NYSE
CELLCOM ISRAEL,CEL,Computer and Technology,588.42,NYSE
CNOOC LTD ADR,CEO,Oils-Energy,54898.57,NYSE
CRESTWOOD EQTY,CEQP,Oils-Energy,667.4,NYSE
CF INDUS HLDGS,CF,Basic Materials,13871.23,NYSE
CITIZENS FIN GP,CFG,Finance,14341.91,NYSE
CULP INC,CFI,Consumer Discretionary,362.54,NYSE
CULLEN FROST BK,CFR,Finance,4454.19,NYSE
COLFAX CORP,CFX,Industrial Products,4983.95,NYSE
CGG,CGG,Oils-Energy,809.19,NYSE
CELADON GROUP,CGI,Transportation,580.78,NYSE
CHINA TELCM-ADR,CHA,Utilities,44326.68,NYSE
CHURCH & DWIGHT,CHD,Consumer Staples,11653.02,NYSE
CHEMED CORP,CHE,Medical,2575.58,NYSE
CHEGG INC,CHGG,Computer and Technology,735.5,NYSE
CHOICE HTL INTL,CHH,Consumer Discretionary,2856.94,NYSE
CHESAPEAKE ENGY,CHK,Oils-Energy,5533.92,NYSE
CHINA MOBLE-ADR,CHL,Computer and Technology,266052.09,NYSE
CHEMTURA CORP,CHMT,Basic Materials,1796.96,NYSE
CHICOS FAS INC,CHS,Retail-Wholesale,2133.12,NYSE
CHESAPEAKE LODG,CHSP,Finance,1850.78,NYSE
CHUNGHWA TELECM,CHT,Utilities,24211,NYSE
CHINA UNICOM,CHU,Computer and Technology,32927.23,NYSE
CIGNA CORP,CI,Finance,37555.65,NYSE
CITIZENS INC  A,CIA,Finance,301.35,NYSE
BANCOLOMBIA-ADR,CIB,Finance,8993.09,NYSE
COBALT INTL EGY,CIE,Oils-Energy,3410.63,NYSE
CIENA CORP,CIEN,Computer and Technology,3003.16,NYSE
CEMIG SA -ADR,CIG,Utilities,3197.46,NYSE
CHIMERA INVEST,CIM,Finance,2898.71,NYSE
CIRCOR INTL,CIR,Industrial Products,766.16,NYSE
CIT GROUP,CIT,Finance,8080.74,NYSE
CIVITAS SOLUTNS,CIVI,Medical,865.74,NYSE
C&J ENERGY SVCS,CJES,Oils-Energy,918.06,NYSE
SEACOR HLDGS,CKH,Oils-Energy,1129.51,NYSE
CHECKPOINT SYS,CKP,Industrial Products,348.25,NYSE
COLGATE PALMOLI,CL,Consumer Staples,61650.04,NYSE
CORE LABS NV,CLB,Oils-Energy,4720.16,NYSE
CLARCOR INC,CLC,Conglomerates,3003.32,NYSE
CHATHAM LODGING,CLDT,Finance,900.77,NYSE
CLIFFS NATURAL,CLF,Basic Materials,411.13,NYSE
CORELOGIC INC,CLGX,Business Services,3426.13,NYSE
CLEAN HARBORS,CLH,Business Services,2956.82,NYSE
MACK CALI CORP,CLI,Finance,1853.07,NYSE
COLONY CAPITAL,CLNY,Finance,2446.25,NYSE
CONTL RESOURCES,CLR,Oils-Energy,12245.54,NYSE
CELESTICA INC,CLS,Computer and Technology,1626.8,NYSE
CLEARWATER PAPR,CLW,Basic Materials,1063.32,NYSE
CLOROX CO,CLX,Consumer Staples,15506.55,NYSE
CDN IMPL BK,CM,Finance,27919.57,NYSE
COMERICA INC,CMA,Finance,8396.47,NYSE
COMMERCIAL METL,CMC,Basic Materials,1823.04,NYSE
CHEETAH MBL-ADR,CMCM,Computer and Technology,3398.85,NYSE
CHIPOTLE MEXICN,CMG,Retail-Wholesale,23329.1,NYSE
CUMMINS INC,CMI,Auto-Tires-Trucks,22667.11,NYSE
CRESTWOOD MIDST,CMLP,Oils-Energy,1807.6,NYSE
CANTEL MED CORP,CMN,Medical,2239.8,NYSE
CAPSTEAD MTG,CMO,Finance,1046.03,NYSE
COMPASS MINERLS,CMP,Basic Materials,2714.98,NYSE
COSTAMARE INC,CMRE,Transportation,1220.19,NYSE
CMS ENERGY,CMS,Utilities,9492.32,NYSE
CNA FINL CORP,CNA,Finance,10533.59,NYSE
CENTENE CORP,CNC,Medical,8516.2,NYSE
CENCOSUD SA-ADR,CNCO,Retail-Wholesale,5600.87,NYSE
CNH INDUSTRIAL,CNHI,Auto-Tires-Trucks,12455.51,NYSE
CDN NATL RY CO,CNI,Transportation,49618.79,NYSE
CINEMARK HLDGS,CNK,Consumer Discretionary,4466.98,NYSE
CLECO CORP,CNL,Utilities,3285.33,NYSE
CONE MIDSTREAM,CNNX,Oils-Energy,403.62,NYSE
CNO FINL GRP,CNO,Finance,3373.48,NYSE
CENTERPOINT EGY,CNP,Utilities,8234.16,NYSE
CDN NTRL RSRCS,CNQ,Oils-Energy,27344.58,NYSE
COHEN&STRS INC,CNS,Finance,1380.16,NYSE
CON-WAY INC,CNW,Transportation,2126.74,NYSE
CONSOL ENERGY,CNX,Oils-Energy,3011.4,NYSE
CHINA CORD BLD,CO,Medical,558.18,NYSE
COMPASS DIVERSF,CODI,Conglomerates,926.36,NYSE
CAPITAL ONE FIN,COF,Finance,43839.11,NYSE
CABOT OIL & GAS,COG,Oils-Energy,10303.82,NYSE
COACH INC,COH,Consumer Discretionary,9136.81,NYSE
ROCKWELL COLLIN,COL,Aerospace,11278.19,NYSE
COOPER COS,COO,Medical,8448.83,NYSE
CONOCOPHILLIPS,COP,Oils-Energy,60217.13,NYSE
CORESITE REALTY,COR,Finance,1287.02,NYSE
CORENERGY INFRA,CORR,Finance,340.38,NYSE
COTT CORP QUE,COT,Consumer Staples,1213.34,NYSE
COTY INC-A,COTY,Consumer Staples,10304.21,NYSE
COUPONS.COM INC,COUP,Business Services,805.34,NYSE
CDN PAC RLWY,CP,Transportation,25182.19,NYSE
COPA HLDGS SA-A,CPA,Transportation,3341.49,NYSE
CEMENTOS PACASM,CPAC,Construction,862.03,NYSE
CAMPBELL SOUP,CPB,Consumer Staples,15613,NYSE
CALLON PETE-DEL,CPE,Oils-Energy,494.69,NYSE
CENTRAL PAC FIN,CPF,Finance,705.55,NYSE
CRESCENT PT EGY,CPG,Oils-Energy,6838.81,NYSE
COLUMBIA PIPELN,CPGX,Oils-Energy,8734.41,NYSE
CHESAPEAKE UTIL,CPK,Utilities,709.84,NYSE
CPFL ENERGI-ADR,CPL,Utilities,5059.41,NYSE
CALPINE CORP,CPN,Utilities,6117.98,NYSE
COLUMBIA PIPELN,CPPL,Oils-Energy,1106.85,NYSE
COOPER-STANDARD,CPS,Auto-Tires-Trucks,1103.61,NYSE
CAMDEN PPTY TR,CPT,Finance,6915.24,NYSE
CRANE CO,CR,Conglomerates,3040.26,NYSE
CA RESOURCES CP,CRC,Oils-Energy,1551.74,NYSE
CRAWFORD & CO-A,CRD.A,Business Services,372.46,NYSE
CRAWFORD & CO B,CRD.B,Business Services,378.55,NYSE
CRH PLC-ADR,CRH,Construction,24735.79,NYSE
CARTERS INC,CRI,Consumer Discretionary,5152.3,NYSE
CHARLES RVR LAB,CRL,Medical,3510.3,NYSE
SALESFORCE.COM,CRM,Computer and Technology,46157.7,NYSE
CARBO CERAMICS,CRR,Oils-Energy,714.89,NYSE
CARPENTER TECH,CRS,Basic Materials,1914.85,NYSE
CRYOLIFE INC,CRY,Medical,298.33,NYSE
CREDIT SUISSE,CS,Finance,47169.39,NYSE
COMP SCIENCE,CSC,Computer and Technology,8954.8,NYSE
CHAMBERS ST PPT,CSG,Finance,1721.97,NYSE
CASH AM INTL,CSH,Finance,688.63,NYSE
CARLISLE COS IN,CSL,Conglomerates,6625.31,NYSE
CASTLIGHT HLTH,CSLT,Computer and Technology,568.27,NYSE
CSS INDS INC,CSS,Consumer Discretionary,256.24,NYSE
CST BRANDS INC,CST,Retail-Wholesale,2735.66,NYSE
CONSTELLIUM NV,CSTM,Industrial Products,686.17,NYSE
CAPITAL SR LIVG,CSU,Medical,624.13,NYSE
CARRIAGE SVCS-A,CSV,Consumer Staples,420.39,NYSE
CSX CORP,CSX,Transportation,29472.76,NYSE
COOPER TIRE,CTB,Auto-Tires-Trucks,2107.53,NYSE
CENTURYLINK INC,CTL,Computer and Technology,15587.66,NYSE
CATALENT INC,CTLT,Medical,4203.35,NYSE
CTS CORP,CTS,Computer and Technology,623.75,NYSE
CATCHMARK TB TR,CTT,Finance,427.95,NYSE
CUBIC CORP,CUB,Computer and Technology,1172.64,NYSE
CUBESMART,CUBE,Finance,4354.91,NYSE
CUSTOMERS BANCP,CUBI,Finance,669.38,NYSE
BARRACUDA NTWRK,CUDA,Computer and Technology,1378.96,NYSE
CARNIVAL PLC,CUK,Consumer Discretionary,11799.79,NYSE
COUSIN PROP INC,CUZ,Finance,2136.51,NYSE
COVANTA HOLDING,CVA,Oils-Energy,2690.18,NYSE
CABLEVISION SYS,CVC,Consumer Discretionary,7570.89,NYSE
CENOVUS ENERGY,CVE,Oils-Energy,11607.73,NYSE
CONVERGYS CORP,CVG,Business Services,2313.66,NYSE
CVR ENERGY INC,CVI,Oils-Energy,3478.45,NYSE
CVR REFINING LP,CVRR,Oils-Energy,2830.97,NYSE
CVS HEALTH CORP,CVS,Retail-Wholesale,121566.38,NYSE
CVENT INC,CVT,Computer and Technology,1300.86,NYSE
CHEVRON CORP,CVX,Oils-Energy,157490.03,NYSE
CURTISS WRIGHT,CW,Aerospace,3126.61,NYSE
WILLIAMS(C)ENGY,CWEI,Oils-Energy,410.01,NYSE
CALIF WATER SVC,CWT,Utilities,1013.12,NYSE
CEMEX SA ADR,CX,Construction,11430.11,NYSE
CONCHO RESOURCS,CXO,Oils-Energy,12910.92,NYSE
COLUMBIA PPT TR,CXP,Finance,2961.89,NYSE
CORRECTIONS CRP,CXW,Finance,3900.38,NYSE
CHINA YUCHAI,CYD,Auto-Tires-Trucks,561.86,NYSE
COMMNTY HLTH SY,CYH,Medical,6680.87,NYSE
CITY NATIONAL,CYN,Finance,4983.32,NYSE
CYS INVESTMENTS,CYS,Finance,1206.33,NYSE
CYTEC INDS INC,CYT,Basic Materials,5288.26,NYSE
COSAN LTD-A,CZZ,Basic Materials,700.37,NYSE
DOMINION RES VA,D,Utilities,42931.84,NYSE
DANAOS CORP,DAC,Transportation,679.53,NYSE
DELTA AIR LINES,DAL,Transportation,36866.7,NYSE
DANA HOLDING CP,DAN,Auto-Tires-Trucks,2994.03,NYSE
E-COMMRC CH-ADR,DANG,Computer and Technology,559.25,NYSE
DARLING INGRDNT,DAR,Consumer Staples,2038.81,NYSE
TABLEAU SOFTWAR,DATA,Computer and Technology,7240.83,NYSE
DEUTSCHE BK AG,DB,Finance,46562.08,NYSE
DIEBOLD INC,DBD,Computer and Technology,2282.22,NYSE
DONALDSON CO,DCI,Industrial Products,4500.9,NYSE
NTT DOCOMO -ADR,DCM,Computer and Technology,85470.27,NYSE
DUCOMMUN INC DE,DCO,Aerospace,265.87,NYSE
DCT INDUSTRIAL,DCT,Finance,3056.08,NYSE
DU PONT (EI) DE,DD,Basic Materials,48345.5,NYSE
DOMINION DIAMND,DDC,Basic Materials,1064.72,NYSE
3D SYSTEMS CORP,DDD,Computer and Technology,1500.32,NYSE
DDR CORP,DDR,Finance,5914.82,NYSE
DILLARDS INC-A,DDS,Retail-Wholesale,3940.2,NYSE
DEERE & CO,DE,Industrial Products,32001.54,NYSE
EASTRLY GOV PPT,DEA,Finance,376.54,NYSE
DECKERS OUTDOOR,DECK,Consumer Discretionary,2275.04,NYSE
DELHAIZE-LE,DEG,Retail-Wholesale,9401.29,NYSE
DOUGLAS EMMETT,DEI,Finance,4400.69,NYSE
DELTIC TIMBER,DEL,Construction,814.69,NYSE
DIAGEO PLC-ADR,DEO,Consumer Staples,71081.77,NYSE
DEAN FOODS CO,DF,Consumer Staples,1672.95,NYSE
DISCOVER FIN SV,DFS,Finance,23841.77,NYSE
DUPONT FABROS,DFT,Finance,1943.24,NYSE
DOLLAR GENERAL,DG,Retail-Wholesale,23284.43,NYSE
DIGITALGLOBE,DGI,Computer and Technology,1682.11,NYSE
QUEST DIAGNOSTC,DGX,Medical,10397.54,NYSE
D R HORTON INC,DHI,Construction,10456.84,NYSE
DANAHER CORP,DHR,Conglomerates,62238.41,NYSE
DHT HOLDINGS,DHT,Transportation,708.45,NYSE
DHI GROUP INC,DHX,Computer and Technology,442.19,NYSE
DINEEQUITY INC,DIN,Retail-Wholesale,1935.32,NYSE
DISNEY WALT,DIS,Consumer Discretionary,185540.81,NYSE
DELEK US HLDGS,DK,Oils-Energy,1990.46,NYSE
DELEK LOGISTICS,DKL,Oils-Energy,469.46,NYSE
DICKS SPRTG GDS,DKS,Retail-Wholesale,5929.81,NYSE
CHINA DISTANCE,DL,Computer and Technology,485.73,NYSE
DOLBY LAB INC-A,DLB,Consumer Discretionary,3504.67,NYSE
DYNAGAS LNG PTR,DLNG,Transportation,261.23,NYSE
DELPHI AUTO PLC,DLPH,Auto-Tires-Trucks,22517.6,NYSE
DIGITAL RLTY TR,DLR,Finance,9551.29,NYSE
DELUXE CORP,DLX,Business Services,3153.48,NYSE
DOMINION MIDSTR,DM,Oils-Energy,1243.69,NYSE
DUN &BRADST-NEW,DNB,Business Services,4184.02,NYSE
NOW INC,DNOW,Oils-Energy,1947.44,NYSE
DUFF&PHELPS UTL,DNP,Finance,2784.91,NYSE
DENBURY RES INC,DNR,Oils-Energy,1256.4,NYSE
DIAMOND OFFSHOR,DO,Oils-Energy,3017.5,NYSE
PHYSICIANS RLTY,DOC,Finance,1103.95,NYSE
MASONITE INT CP,DOOR,Consumer Discretionary,2031.22,NYSE
DOVER CORP,DOV,Industrial Products,9991.85,NYSE
DOW CHEMICAL,DOW,Basic Materials,52693.64,NYSE
DIPLOMAT PHARMA,DPLO,Retail-Wholesale,3024.21,NYSE
DCP MIDSTREAM,DPM,Oils-Energy,3143.82,NYSE
DR PEPPER SNAPL,DPS,Consumer Staples,15627.84,NYSE
DOMINOS PIZZA,DPZ,Retail-Wholesale,6228.9,NYSE
DUKE REALTY CP,DRE,Finance,6873.38,NYSE
DIAMONDROCK HOS,DRH,Finance,2498.85,NYSE
DARDEN RESTRNT,DRI,Retail-Wholesale,9091.03,NYSE
DIAMOND RESORTS,DRII,Consumer Discretionary,2061.73,NYSE
DRIL-QUIP INC,DRQ,Oils-Energy,2281.27,NYSE
DREYFUS STRATEG,DSM,Finance,379.89,NYSE
DST SYSTEMS,DST,Computer and Technology,3821.69,NYSE
BR-DEBT STRAT F,DSU,Finance,669.15,NYSE
DSW INC CL-A,DSW,Retail-Wholesale,2921.97,NYSE
DIANA SHIPPING,DSX,Transportation,624.08,NYSE
DTE ENERGY CO,DTE,Utilities,14577.04,NYSE
DUFF & PHELPS U,DUC,Finance,256.8,NYSE
DUKE ENERGY CP,DUK,Utilities,51969,NYSE
DEVRY EDUCATION,DV,Consumer Discretionary,1834.5,NYSE
DAVITA HEALTHCR,DVA,Medical,17414.52,NYSE
DEVON ENERGY,DVN,Oils-Energy,19079.15,NYSE
ISHARS-SEL DIV,DVY,Finance,13686.38,NYSE
DREW INDS INC,DW,Auto-Tires-Trucks,1379.33,NYSE
DEMANDWARE,DWRE,Computer and Technology,2199.84,NYSE
DYNEX CAP INC,DX,Finance,352.93,NYSE
DYCOM INDS,DY,Construction,2153.02,NYSE
DYNEGY INC-NEW,DYN,Utilities,2911.55,NYSE
ENI SPA-ADR,E,Oils-Energy,63870.82,NYSE
BRINKER INTL,EAT,Retail-Wholesale,3437.62,NYSE
ENNIS INC,EBF,Industrial Products,430.01,NYSE
ELETROBRAS-ADR,EBR,Utilities,2069.53,NYSE
ELETROBRAS-B,EBR.B,Utilities,631.74,NYSE
EMERGENT BIOSOL,EBS,Medical,1320.63,NYSE
ECOPETROL- ADR,EC,Oils-Energy,20969.52,NYSE
ENCANA CORP,ECA,Oils-Energy,5830.1,NYSE
EAGLE POINT CRD,ECC,Finance,278.29,NYSE
ECOLAB INC,ECL,Basic Materials,34051.95,NYSE
CHANNELADVISOR,ECOM,Computer and Technology,288.32,NYSE
ECLIPSE RESRCS,ECR,Oils-Energy,923.5,NYSE
CONSOL EDISON,ED,Utilities,19080.94,NYSE
EMPIRE DISTRICT,EDE,Utilities,1009.05,NYSE
EMP DISTRIB Y C,EDN,Utilities,583.31,NYSE
EDUCATION RLTY,EDR,Finance,1476.61,NYSE
NEW ORIENTAL ED,EDU,Consumer Discretionary,3601.61,NYSE
EL PASO ELEC CO,EE,Utilities,1479.15,NYSE
ENBRIDGE EGY PT,EEP,Oils-Energy,7263.16,NYSE
ENBRIDGE ENERGY,EEQ,Oils-Energy,2018.13,NYSE
ELLINGTON FINL,EFC,Finance,612.14,NYSE
EQUIFAX INC,EFX,Business Services,12189.77,NYSE
ENGILITY HLDGS,EGL,Aerospace,1118.73,NYSE
ENERGEN CORP,EGN,Oils-Energy,4003.17,NYSE
ELDORADO GOLD,EGO,Basic Materials,2379.07,NYSE
EASTGROUP PPTYS,EGP,Finance,1889.08,NYSE
EHI CAR SERVICE,EHIC,Consumer Discretionary,327.85,NYSE
EMPLOYERS HLDGS,EIG,Finance,803.81,NYSE
EDISON INTL,EIX,Utilities,19877.73,NYSE
E-HOUSE CHINA,EJ,Finance,908.8,NYSE
ESTEE LAUDER,EL,Consumer Staples,34233.67,NYSE
ELLIE MAE INC,ELLI,Computer and Technology,2301.42,NYSE
COPEL-ADR PR B,ELP,Utilities,2547.73,NYSE
EQUITY LIFESTYL,ELS,Finance,4885.83,NYSE
CALLAWAY GOLF,ELY,Consumer Discretionary,713.47,NYSE
EMC CORP -MASS,EMC,Computer and Technology,52437,NYSE
WESTN AST EM MK,EMD,Finance,297.75,NYSE
EMCOR GROUP INC,EME,Construction,2986.53,NYSE
EMERGE ENRG SVC,EMES,Oils-Energy,467.98,NYSE
EASTMAN CHEM CO,EMN,Basic Materials,11398.07,NYSE
EMERSON ELEC CO,EMR,Industrial Products,32873.92,NYSE
ENBRIDGE INC,ENB,Oils-Energy,36587.8,NYSE
ENABLE MIDSTRM,ENBL,Oils-Energy,3394.33,NYSE
ENDURANCE SPLTY,ENH,Finance,3069.98,NYSE
ENERSIS S A ADR,ENI,Utilities,14177.99,NYSE
ENLINK MIDS LLC,ENLC,Oils-Energy,3969.15,NYSE
ENLINK MIDST LP,ENLK,Oils-Energy,4447.73,NYSE
ENERGIZER HLDGS,ENR,Consumer Staples,2521.93,NYSE
ENERSYS INC,ENS,Industrial Products,2404.47,NYSE
ENVESTNET INC,ENV,Business Services,1555.32,NYSE
ENOVA INTL INC,ENVA,Finance,438.24,NYSE
ENDESA-CHILE,EOC,Utilities,11086.04,NYSE
EOG RES INC,EOG,Oils-Energy,40489.38,NYSE
EPAM SYSTEMS,EPAM,Computer and Technology,3465.41,NYSE
EDGEWELL PERSNL,EPC,Consumer Staples,5761.81,NYSE
ENTERPRISE PROD,EPD,Oils-Energy,52943.86,NYSE
EP ENERGY CP-A,EPE,Oils-Energy,1753.15,NYSE
EPR PROPERTIES,EPR,Finance,3197.27,NYSE
EQUITY COMMONWL,EQC,Finance,3509.09,NYSE
EQT GP HOLDINGS,EQGP,Oils-Energy,8030.2,NYSE
EQT MIDSTRM PTR,EQM,Oils-Energy,5348.35,NYSE
EQUITY RESIDENT,EQR,Finance,27376.63,NYSE
EQT CORP,EQT,Oils-Energy,11320.57,NYSE
EQUITY ONE INC,EQY,Finance,3284.44,NYSE
ERA GROUP INC,ERA,Transportation,366.99,NYSE
ENERPLUS CORP,ERF,Oils-Energy,1257.97,NYSE
EMBRAER AIR-ADR,ERJ,Aerospace,5132.07,NYSE
EROS INTL PLC,EROS,Consumer Discretionary,1141.76,NYSE
EVERSOURCE EGY,ES,Utilities,15818.87,NYSE
ESCO TECH INC,ESE,Industrial Products,961.94,NYSE
ESTERLINE TECHN,ESL,Aerospace,2660.36,NYSE
ESSENT GROUP,ESNT,Finance,2452.71,NYSE
EMPIRE STATE RE,ESRT,Finance,1989.78,NYSE
ESSEX PPTY TR,ESS,Finance,14764.76,NYSE
ENSCO PLC,ESV,Oils-Energy,3935.84,NYSE
ENERGY TRAN EQT,ETE,Oils-Energy,29539.24,NYSE
ETHAN ALLEN INT,ETH,Retail-Wholesale,874.55,NYSE
ENTERCOM COMMUN,ETM,Consumer Discretionary,411.07,NYSE
EATON CORP PLC,ETN,Industrial Products,27979.88,NYSE
ENERGY TRAN PTR,ETP,Oils-Energy,23396,NYSE
ENTERGY CORP,ETR,Utilities,12613.22,NYSE
EURONAV SA,EURN,Transportation,2310.12,NYSE
EATON VANCE,EV,Finance,4554.61,NYSE
ENTRAVISION COM,EVC,Consumer Discretionary,700.52,NYSE
EVERYDAY HEALTH,EVDY,Computer and Technology,378.82,NYSE
EVERBANK FIN CP,EVER,Finance,2526.03,NYSE
EVOLENT HEALTH,EVH,Computer and Technology,386.08,NYSE
ENVISION HLTHCR,EVHC,Medical,8190.91,NYSE
EATON VANCE MUN,EVN,Finance,305.02,NYSE
EVERCORE PARTNR,EVR,Finance,2097.1,NYSE
EVERTEC INC,EVTC,Business Services,1486.91,NYSE
EDWARDS LIFESCI,EW,Medical,15473.7,NYSE
EXAMWORKS GROUP,EXAM,Business Services,1490.71,NYSE
EXAR CORP,EXAR,Computer and Technology,309.17,NYSE
EXELON CORP,EXC,Utilities,27950.89,NYSE
EXTERRAN HLDGS,EXH,Oils-Energy,1646.43,NYSE
EAGLE MATERIALS,EXP,Construction,3994.32,NYSE
EXPRESS INC,EXPR,Retail-Wholesale,1570.13,NYSE
EXTRA SPACE STG,EXR,Finance,9298.61,NYSE
FORD MOTOR CO,F,Auto-Tires-Trucks,58724,NYSE
FIRST AMER FINL,FAF,Finance,4364.23,NYSE
FLAGSTAR BANCP,FBC,Finance,1130.98,NYSE
FORTUNE BRD H&S,FBHS,Retail-Wholesale,7710.61,NYSE
FIRST BNCRP P R,FBP,Finance,865.93,NYSE
FIBRIA CELULOSE,FBR,Basic Materials,7744.01,NYSE
FRANKLIN COVEY,FC,Business Services,289.21,NYSE
FIAT CHRYSLER,FCAU,Auto-Tires-Trucks,21008.44,NYSE
FCB FINL HLDGS,FCB,Finance,1216.52,NYSE
FOREST CITY  A,FCE.A,Finance,4931.83,NYSE
FOREST CITY-B,FCE.B,Finance,4944.72,NYSE
FIRST COMW FINL,FCF,Finance,820.21,NYSE
FELCOR LODGING,FCH,Finance,1214.02,NYSE
FTI CONSULTING,FCN,Business Services,1650.63,NYSE
FREEPT MC COP-B,FCX,Basic Materials,10951.67,NYSE
FRESH DEL MONTE,FDP,Consumer Staples,1993.22,NYSE
FACTSET RESH,FDS,Business Services,7033.27,NYSE
FEDEX CORP,FDX,Transportation,47162.98,NYSE
FIRSTENERGY CP,FE,Utilities,14473.24,NYSE
FORESIGHT EGY,FELP,Oils-Energy,509.38,NYSE
PHOENIX NEW MED,FENG,Consumer Discretionary,477.58,NYSE
FORUM ENRG TECH,FET,Oils-Energy,1316.33,NYSE
FUTUREFUEL CORP,FF,Oils-Energy,475.26,NYSE
FBL FINL GRP-A,FFG,Finance,1404.12,NYSE
FIDELITY&GUARNT,FGL,Finance,1516.03,NYSE
FERRELLGAS -LP,FGP,Oils-Energy,2058.99,NYSE
FIRST HRZN NATL,FHN,Finance,3711.57,NYSE
FRANKS INTL NV,FI,Oils-Energy,2304.16,NYSE
FAIR ISAAC INC,FICO,Computer and Technology,2822.04,NYSE
FORTRESS INVEST,FIG,Finance,2752.83,NYSE
FEDERATED INVST,FII,Finance,3521.91,NYSE
FIDELITY NAT IN,FIS,Business Services,18359.96,NYSE
FITBIT INC,FIT,Computer and Technology,1561.02,NYSE
COMFORT SYSTEMS,FIX,Construction,1068.3,NYSE
FOOT LOCKER INC,FL,Retail-Wholesale,9894.69,NYSE
FLOWERS FOODS,FLO,Consumer Staples,4581.78,NYSE
FLUOR CORP-NEW,FLR,Construction,6878.99,NYSE
FLOWSERVE CORP,FLS,Industrial Products,6260.29,NYSE
FLEETCOR TECH,FLT,Finance,14688.8,NYSE
FLEETMATICS GRP,FLTX,Computer and Technology,1955.66,NYSE
FLY LEASING LTD,FLY,Transportation,591.5,NYSE
FMC CORP,FMC,Basic Materials,6325.51,NYSE
FRESENIUS MED,FMS,Medical,25318.69,NYSE
FAIRMOUNT SNTRL,FMSA,Industrial Products,927.71,NYSE
FOMENTO ECO-ADR,FMX,Consumer Staples,32812.37,NYSE
FABRINET,FN,Computer and Technology,662.47,NYSE
FNB CORP,FNB,Finance,2343.59,NYSE
FNF GROUP,FNF,Finance,10917.01,NYSE
FNFV GROUP,FNFV,Finance,1152.26,NYSE
FRANCO NV CP,FNV,Basic Materials,6364.69,NYSE
FERRO CORP,FOE,Basic Materials,1189.49,NYSE
FORESTAR GROUP,FOR,Finance,427.63,NYSE
FIRST POTOMAC,FPO,Finance,682.77,NYSE
FIRST INDL RLTY,FR,Finance,2324.54,NYSE
FIRST REP BK SF,FRC,Finance,8779.74,NYSE
FURMANITE CORP,FRM,Business Services,259.51,NYSE
FRONTLINE LTD,FRO,Transportation,349.94,NYSE
FED RLTY INV,FRT,Finance,9382.65,NYSE
FRANKLIN FNL NW,FSB,Finance,252.28,NYSE
FS INVESTMENT,FSIC,Finance,2419.45,NYSE
FREESCALE SEMI,FSL,Computer and Technology,12280.72,NYSE
FORTUNA SILVER,FSM,Basic Materials,347.05,NYSE
FED SIGNAL CP,FSS,Conglomerates,888.79,NYSE
FORTRESS TR&INF,FTAI,Finance,1161.35,NYSE
FMC TECH INC,FTI,Oils-Energy,7460.2,NYSE
FLOTEK INDU INC,FTK,Oils-Energy,979.42,NYSE
FULLER(HB) CO,FUL,Basic Materials,1997.32,NYSE
CEDAR FAIR,FUN,Consumer Discretionary,3010.99,NYSE
WINTHROP REALTY,FUR,Finance,535.45,NYSE
GENPACT LTD,G,Business Services,4997.37,NYSE
GABELLI EQUITY,GAB,Finance,1326.43,NYSE
GENL AMER INV,GAM,Finance,1033.51,NYSE
AGL RESOURCES,GAS,Utilities,5848.29,NYSE
GREATBATCH INC,GB,Computer and Technology,1307.75,NYSE
GAMCO INVESTORS,GBL,Finance,1679.96,NYSE
GREENBRIER COS,GBX,Transportation,1282.72,NYSE
GLOBAL CASH ACS,GCA,Finance,318.46,NYSE
GAIN CAP HLDGS,GCAP,Finance,391.49,NYSE
GANNETT CO INC,GCI,Consumer Staples,1705.65,NYSE
GENESCO INC,GCO,Retail-Wholesale,1508.09,NYSE
GENL DYNAMICS,GD,Aerospace,48318.68,NYSE
GODADDY INC-A,GDDY,Computer and Technology,1710.34,NYSE
GREEN DOT CP-A,GDOT,Business Services,942.48,NYSE
GENL ELECTRIC,GE,Conglomerates,260386.91,NYSE
GREIF INC,GEF,Industrial Products,1497.37,NYSE
GREIF BROS-CL B,GEF.B,Industrial Products,846.09,NYSE
GENESIS ENERGY,GEL,Oils-Energy,4375.57,NYSE
GENESIS HLTHCR,GEN,Medical,1067.19,NYSE
GEO GRP INC/THE,GEO,Finance,2577.87,NYSE
GUESS INC,GES,Consumer Discretionary,1839.83,NYSE
GAFISA SA-ADR,GFA,Construction,264.65,NYSE
GRIFFON CORP,GFF,Conglomerates,861.68,NYSE
GOLD FIELDS-ADR,GFI,Basic Materials,1929.48,NYSE
GOLDCORP INC,GG,Basic Materials,11155.2,NYSE
GERDAU SA ADR,GGB,Basic Materials,2888.31,NYSE
GRACO INC,GGG,Industrial Products,4122.43,NYSE
GENL GRWTH PPTY,GGP,Finance,24592.13,NYSE
GRAHAM HOLDINGS,GHC,Consumer Discretionary,3989.07,NYSE
GREENHILL & CO,GHL,Finance,1147.43,NYSE
ENDOCHOICE HLDG,GI,Medical,393.4,NYSE
CGI GRP INC -A,GIB,Computer and Technology,10652.13,NYSE
GILDAN ACTVWEAR,GIL,Consumer Discretionary,7970.95,NYSE
TEMPLETON GLBL,GIM,Finance,916.2,NYSE
GIGAMON INC,GIMO,Computer and Technology,847.09,NYSE
GENL MILLS,GIS,Consumer Staples,35391.4,NYSE
GLAUKOS CORP,GKOS,Medical,929.11,NYSE
GLOBANT SA,GLOB,Computer and Technology,1057.96,NYSE
GASLOG LTD,GLOG,Transportation,1127.75,NYSE
GASLOG PARTNERS,GLOP,Transportation,260.37,NYSE
GLOBAL PARTNERS,GLP,Oils-Energy,1000.5,NYSE
GLATFELTER,GLT,Basic Materials,808.46,NYSE
CORNING INC,GLW,Computer and Technology,22226.2,NYSE
GENERAL MOTORS,GM,Auto-Tires-Trucks,50276.06,NYSE
GAMESTOP CORP,GME,Retail-Wholesale,4820.54,NYSE
GLOBUS MEDICAL,GMED,Medical,1869.42,NYSE
GRUMA SA-ADR B,GMK,Basic Materials,5784.76,NYSE
GATX CORP,GMT,Transportation,2149.2,NYSE
GNC HOLDINGS,GNC,Retail-Wholesale,4256.55,NYSE
GENCO SHPG&TRDG,GNK,Transportation,524.14,NYSE
GLOBAL NET LEAS,GNL,Finance,1376.93,NYSE
GENERAC HOLDING,GNRC,Computer and Technology,1928.62,NYSE
GENER8 MARITIME,GNRT,Transportation,1104.66,NYSE
GENWORTH FINL,GNW,Finance,2397.42,NYSE
GOL LINHAS-ADR,GOL,Transportation,427.59,NYSE
GOVT PPTYS INCM,GOV,Finance,1179.28,NYSE
GENUINE PARTS,GPC,Auto-Tires-Trucks,13390.56,NYSE
GROUP 1 AUTO,GPI,Retail-Wholesale,2235.31,NYSE
GRAPHIC PKG HLD,GPK,Industrial Products,4924.02,NYSE
GLOBAL PAYMENTS,GPN,Business Services,7341.52,NYSE
GAP INC,GPS,Retail-Wholesale,14561.52,NYSE
GRAMERCY PROPRT,GPT,Finance,1330.46,NYSE
GP STRATEGIES,GPX,Consumer Discretionary,438.28,NYSE
GRACE (WR) NEW,GRA,Basic Materials,7271.49,NYSE
GRANA Y MONTERO,GRAM,Construction,718.14,NYSE
GRANITE RE INV,GRP.U,Finance,1431.67,NYSE
GRUBHUB INC,GRUB,Computer and Technology,2421.35,NYSE
GOLDMAN SACHS,GS,Finance,88063.28,NYSE
GOLDMAN SAC BDC,GSBD,Finance,878.9,NYSE
GUANGSHEN-ADR,GSH,Transportation,3589.94,NYSE
GLAXOSMITHKLINE,GSK,Medical,109051.9,NYSE
GLOBAL SHIP LS,GSL,Transportation,292.85,NYSE
GRAFTECH INTL,GTI,Computer and Technology,690.63,NYSE
GRAY TELEVSN,GTN,Consumer Discretionary,965.15,NYSE
GRAY TELEVSN -A,GTN.A,Consumer Discretionary,904.38,NYSE
TRIPLE-S MGMT-B,GTS,Medical,632.36,NYSE
GTT COMMUNICATN,GTT,Computer and Technology,844.24,NYSE
GETTY REALTY CP,GTY,Finance,552.77,NYSE
GRANITE CONSTRU,GVA,Construction,1317.59,NYSE
GREAT WSTRN BCP,GWB,Finance,1489.84,NYSE
GENESEE & WYO,GWR,Transportation,3954.73,NYSE
GUIDEWIRE SFTWR,GWRE,Computer and Technology,4055.8,NYSE
GRAINGER W W,GWW,Industrial Products,14907.71,NYSE
GREAT PLAINS EN,GXP,Utilities,4076.32,NYSE
GAZIT GLOBE LTD,GZT,Finance,2131.79,NYSE
HYATT HOTELS CP,H,Consumer Discretionary,7601.76,NYSE
HAEMONETICS CP,HAE,Medical,2017.12,NYSE
HALLIBURTON CO,HAL,Oils-Energy,33984.82,NYSE
HARMAN INTL IND,HAR,Consumer Discretionary,8260.04,NYSE
HANNON ARMSTRNG,HASI,Finance,600.1,NYSE
HANESBRANDS INC,HBI,Consumer Discretionary,11522.92,NYSE
HUDBAY MINERALS,HBM,Basic Materials,1425.51,NYSE
HCA HOLDINGS,HCA,Medical,37893.8,NYSE
HCC INS HLDGS,HCC,Finance,7392.32,NYSE
HCI GROUP INC,HCI,Finance,441.47,NYSE
HI-CRUSH PTNRS,HCLP,Basic Materials,388.48,NYSE
HEALTH CR REIT,HCN,Finance,23842.64,NYSE
HCP INC,HCP,Finance,17592.18,NYSE
HOME DEPOT,HD,Retail-Wholesale,151889.27,NYSE
HDFC BANK LTD,HDB,Finance,52628.02,NYSE
HAWAIIAN ELEC,HE,Utilities,3328.88,NYSE
HEICO CORP,HEI,Aerospace,3620.89,NYSE
HEICO CORP-A,HEI.A,Aerospace,2971.53,NYSE
HOLLY EGY PTNRS,HEP,Oils-Energy,1701.05,NYSE
HESS CORP,HES,Oils-Energy,16070.4,NYSE
HFF INC-A,HF,Finance,1516.85,NYSE
HOLLYFRONTIER,HFC,Oils-Energy,9480.95,NYSE
HANGER ORTHOPED,HGR,Medical,726.99,NYSE
HOWARD HUGHS CP,HHC,Finance,5380.3,NYSE
HARTE-HANKS INC,HHS,Business Services,289.54,NYSE
HILLENBRAND INC,HI,Consumer Staples,1879.69,NYSE
INFRAREIT INC,HIFR,Finance,1393.21,NYSE
HARTFORD FIN SV,HIG,Finance,19883.52,NYSE
HUNTINGTON INGL,HII,Aerospace,5632.54,NYSE
AEROHIVE NETWRK,HIVE,Computer and Technology,351.79,NYSE
HIGHWOODS PPTYS,HIW,Finance,3941.72,NYSE
HALCON RESOURCS,HK,Oils-Energy,559.23,NYSE
HECLA MINING,HL,Basic Materials,685.14,NYSE
HERBALIFE LTD,HLF,Retail-Wholesale,5515.21,NYSE
HEALTHSOUTH CP,HLS,Medical,4104.28,NYSE
HILTON WW HLDG,HLT,Consumer Discretionary,25584.86,NYSE
HELIX EGY SOLUT,HLX,Oils-Energy,847.68,NYSE
HONDA MOTOR,HMC,Auto-Tires-Trucks,63530.62,NYSE
HOME PPTYS INC,HME,Finance,4313.09,NYSE
HORACE MANN EDS,HMN,Finance,1430.15,NYSE
HARMONY GOLD,HMY,Basic Materials,411.15,NYSE
HNI CORP,HNI,Business Services,2152.31,NYSE
HUANENG POWER,HNP,Utilities,17582.07,NYSE
HEALTH NET INC,HNT,Medical,5321.98,NYSE
HARLEY-DAVIDSON,HOG,Auto-Tires-Trucks,12227.93,NYSE
HONEYWELL INTL,HON,Conglomerates,82444.63,NYSE
HORNBECK OFFSHR,HOS,Oils-Energy,704.08,NYSE
STARWOOD HOTELS,HOT,Consumer Discretionary,13013.55,NYSE
HELMERICH&PAYNE,HP,Oils-Energy,6401.11,NYSE
HUDSON PAC PPTY,HPP,Finance,2770.64,NYSE
HEWLETT PACKARD,HPQ,Computer and Technology,53126.67,NYSE
HOSPITALITY PRP,HPT,Finance,4007.39,NYSE
HEARTLAND PAYMT,HPY,Business Services,2326.67,NYSE
TEKLA HEALTHCR,HQH,Finance,1305.61,NYSE
TEKLA LIFE SCI,HQL,Finance,558.38,NYSE
HEALTHCARE RLTY,HR,Finance,2447.56,NYSE
BLOCK H & R,HRB,Consumer Discretionary,9774.96,NYSE
HILL-ROM HLDGS,HRC,Medical,2997.88,NYSE
HRG GROUP INC,HRG,Consumer Staples,2708.3,NYSE
HORMEL FOODS CP,HRL,Consumer Staples,15904.75,NYSE
HARRIS CORP,HRS,Computer and Technology,10081.4,NYSE
HERITAGE INSUR,HRTG,Finance,604.19,NYSE
HSBC HOLDINGS,HSBC,Finance,177794.39,NYSE
HARSCO CORP,HSC,Industrial Products,909.79,NYSE
HOSPIRA INC,HSP,Medical,15484.51,NYSE
HOST HOTEL&RSRT,HST,Finance,14248.8,NYSE
HERSHEY CO/THE,HSY,Consumer Staples,19655,NYSE
HERSHA HOSPTLY,HT,Finance,1231.03,NYSE
HEALTHCARE TRST,HTA,Finance,3198.87,NYSE
HERCULES TECH,HTGC,Finance,863.76,NYSE
HILLTOP HLDGS,HTH,Finance,2092.86,NYSE
BROOKFIELD TRF,HTR,Finance,317.89,NYSE
HATTERAS FIN CP,HTS,Finance,1549.42,NYSE
HERTZ GLBL HLDG,HTZ,Business Services,7312.11,NYSE
HUBBELL INC A,HUB.A,Utilities,5780.83,NYSE
HUBBELL INC -B,HUB.B,Industrial Products,6012.9,NYSE
HUBSPOT INC,HUBS,Computer and Technology,1642.8,NYSE
HUMANA INC NEW,HUM,Medical,27265.91,NYSE
HUNTSMAN CORP,HUN,Basic Materials,4256,NYSE
HAVERTY FURNIT,HVT,Retail-Wholesale,501.65,NYSE
HEADWATERS INC,HW,Construction,1524.33,NYSE
HEXCEL CORP,HXL,Aerospace,5051.88,NYSE
HYSTER-YALE MAT,HY,Industrial Products,817.52,NYSE
HALYARD HEALTH,HYH,Medical,1505.9,NYSE
MARINEMAX INC,HZO,Retail-Wholesale,424.22,NYSE
INTELSAT SA,I,Computer and Technology,1067.64,NYSE
IAMGOLD CORP,IAG,Basic Materials,610.48,NYSE
IND BACHOCO-ADR,IBA,Consumer Staples,2886.5,NYSE
INTL BUS MACH,IBM,Computer and Technology,151944.69,NYSE
ICICI BANK LTD,IBN,Finance,29429.88,NYSE
INSTALLED BUILD,IBP,Construction,862.88,NYSE
EMPRESAS ICA,ICA,Construction,391.04,NYSE
INTERCONTNTLEXC,ICE,Finance,26408.3,NYSE
ISRAEL CHEM LTD,ICL,Basic Materials,8211.74,NYSE
IDACORP INC,IDA,Utilities,3116.11,NYSE
IDT CORP-CL B,IDT,Utilities,414.35,NYSE
IDEX CORP,IEX,Industrial Products,5743.26,NYSE
INTL F & F,IFF,Basic Materials,9405.42,NYSE
INDIA FUND INC,IFN,Finance,819.23,NYSE
INTL GAME NEW,IGT,Consumer Discretionary,3723.67,NYSE
INTERCONTL HTLS,IHG,Consumer Discretionary,9567.46,NYSE
IHS INC-A,IHS,Business Services,8440.59,NYSE
MORG STAN INDIA,IIF,Finance,450.33,NYSE
INV-VLU MU INCM,IIM,Finance,709.73,NYSE
INTRALINKS HLDG,IL,Computer and Technology,655.11,NYSE
INGRAM MICRO,IM,Retail-Wholesale,4133.96,NYSE
IMAX CORP,IMAX,Consumer Discretionary,2574.98,NYSE
IMPRIVATA INC,IMPR,Computer and Technology,391.21,NYSE
IMPERVA INC,IMPV,Computer and Technology,2103.24,NYSE
IMS HEALTH HLDG,IMS,Computer and Technology,10000.97,NYSE
INFOSYS LTD,INFY,Computer and Technology,40066.75,NYSE
ING GROEP-ADR,ING,Finance,62803.83,NYSE
INGREDION INC,INGR,Consumer Staples,6443.37,NYSE
SUMMIT HOTEL PR,INN,Finance,1067.7,NYSE
WORLD FUEL SVCS,INT,Oils-Energy,2909.88,NYSE
INVENSENSE INC,INVN,Computer and Technology,1020.74,NYSE
INTERXION HLDG,INXN,Computer and Technology,2015.12,NYSE
INTEROIL CORP,IOC,Oils-Energy,2159.63,NYSE
INTL PAPER,IP,Basic Materials,20103.05,NYSE
INTERPUBLIC GRP,IPG,Business Services,8577.38,NYSE
INPHI CORP,IPHI,Computer and Technology,861.64,NYSE
INTREPID POTASH,IPI,Basic Materials,626.12,NYSE
INV-QUALITY MU,IQI,Finance,634.08,NYSE
INGERSOLL RAND,IR,Industrial Products,15987.52,NYSE
INLAND RE CORP,IRC,Finance,964.2,NYSE
INVESTORS RL ES,IRET,Finance,898.72,NYSE
IRON MOUNTAIN,IRM,Business Services,6170.88,NYSE
IRSA INV Y REPR,IRS,Finance,1002.27,NYSE
GARTNER INC -A,IT,Business Services,7457.17,NYSE
ITC HOLDINGS CP,ITC,Utilities,5399.46,NYSE
INVEST TECH-NEW,ITG,Finance,580.51,NYSE
ITT CORP,ITT,Conglomerates,3398.09,NYSE
BANCO ITAU -ADR,ITUB,Finance,47886.46,NYSE
ILL TOOL WORKS,ITW,Industrial Products,32691.75,NYSE
INVACARE CORP,IVC,Medical,533.36,NYSE
INVESCO MORTGAG,IVR,Finance,1711.56,NYSE
INVESCO LTD,IVZ,Finance,16381.35,NYSE
ORIX CORP-ADR,IX,Finance,19542.12,NYSE
JARDEN CORP,JAH,Consumer Discretionary,11617.35,NYSE
JABIL CIRCUIT,JBL,Computer and Technology,3818.43,NYSE
JOHN BEAN TECH,JBT,Industrial Products,1069.52,NYSE
JOHNSON CONTROL,JCI,Auto-Tires-Trucks,30355.34,NYSE
PENNEY (JC) INC,JCP,Retail-Wholesale,2516.73,NYSE
JUST ENERGY GRP,JE,Utilities,784.09,NYSE
JACOBS ENGIN GR,JEC,Construction,5351.83,NYSE
JAMES HARDI-ADR,JHX,Construction,6067.44,NYSE
JINKOSOLAR HLDG,JKS,Oils-Energy,708.99,NYSE
JONES LANG LASL,JLL,Finance,7962.61,NYSE
JUMEI INTL-ADR,JMEI,Retail-Wholesale,2626.76,NYSE
JOHNSON & JOHNS,JNJ,Medical,273726.13,NYSE
JUNIPER NETWRKS,JNPR,Computer and Technology,11079.13,NYSE
JANUS CAP GRP,JNS,Finance,3030.77,NYSE
ST JOE CO,JOE,Finance,1452.24,NYSE
JAPAN SMALL CAP,JOF,Finance,305.44,NYSE
JONES ENERGY-A,JONE,Oils-Energy,347.48,NYSE
JOY GLOBAL INC,JOY,Industrial Products,2411.99,NYSE
JUPAI HOLDINGS,JP,Finance,291.05,NYSE
JPMORGAN CHASE,JPM,Finance,251653.47,NYSE
WILEY (JOHN) A,JW.A,Consumer Staples,3031.39,NYSE
WILEY (JOHN)-B,JW.B,Consumer Staples,3009.03,NYSE
NORDSTROM INC,JWN,Retail-Wholesale,14272.9,NYSE
KELLOGG CO,K,Consumer Staples,24321.73,NYSE
KADANT INC,KAI,Industrial Products,504.87,NYSE
KAMAN CORP  A,KAMN,Industrial Products,1075.59,NYSE
KAR AUCTION SVC,KAR,Retail-Wholesale,5523.05,NYSE
KATE SPADE&CO,KATE,Retail-Wholesale,2628.44,NYSE
KB FINL GRP-ADR,KB,Finance,12262.81,NYSE
KB HOME,KBH,Construction,1386.7,NYSE
KBR INC,KBR,Construction,2638.64,NYSE
KCG HOLDINGS,KCG,Finance,1194.33,NYSE
KENON HOLDINGS,KEN,Utilities,872.89,NYSE
KOREA ELEC PWR,KEP,Utilities,27848.4,NYSE
KIRBY CORP,KEX,Transportation,3944.35,NYSE
KEYCORP NEW,KEY,Finance,12310.21,NYSE
KEYSIGHT TECH,KEYS,Computer and Technology,5056.43,NYSE
KOREA FUND,KF,Finance,300.53,NYSE
KORN/FERRY INTL,KFY,Business Services,1708.16,NYSE
KINROSS GOLD,KGC,Basic Materials,2132.12,NYSE
KIMCO REALTY CO,KIM,Finance,10291.19,NYSE
KING DIGITL ENT,KING,Computer and Technology,4945.29,NYSE
KRISPY KREME,KKD,Retail-Wholesale,1121.66,NYSE
KKR & CO LP,KKR,Finance,10163.93,NYSE
KIMBERLY CLARK,KMB,Consumer Staples,42514.54,NYSE
KINDER MORGAN,KMI,Oils-Energy,70448.85,NYSE
KEMPER CORP,KMPR,Finance,1947.14,NYSE
KENNAMETAL INC,KMT,Industrial Products,2462.31,NYSE
CARMAX GP (CC),KMX,Retail-Wholesale,12929.81,NYSE
KNOWLES CORP,KN,Computer and Technology,1541.36,NYSE
KINDRED HLTHCR,KND,Medical,1911.1,NYSE
KNOLL INC,KNL,Business Services,1168.4,NYSE
KNOT OFFSHOR LP,KNOP,Transportation,282.12,NYSE
KNIGHT TRANSN,KNX,Transportation,2191.86,NYSE
COCA COLA CO,KO,Consumer Staples,181699.67,NYSE
EASTMAN KODAK,KODK,Computer and Technology,621.51,NYSE
COCA-COLA FEMSA,KOF,Consumer Staples,15629.67,NYSE
KOPPERS HOLDNGS,KOP,Basic Materials,435.53,NYSE
MICHAEL KORS,KORS,Consumer Discretionary,8720.3,NYSE
KOSMOS ENERGY,KOS,Oils-Energy,2661.49,NYSE
KROGER CO,KR,Retail-Wholesale,36739.25,NYSE
KRATON PERFORM,KRA,Basic Materials,690.01,NYSE
KILROY REALTY,KRC,Finance,6648.12,NYSE
KITE REALTY GRP,KRG,Finance,2152.39,NYSE
KRONOS WORLDWD,KRO,Basic Materials,1137.87,NYSE
KAPSTONE PAPER,KS,Basic Materials,2207.22,NYSE
KOHLS CORP,KSS,Retail-Wholesale,11876.52,NYSE
KANSAS CITY SOU,KSU,Transportation,10594.56,NYSE
KT CORP,KT,Computer and Technology,6253.8,NYSE
DEUTS MUN INC,KTF,Finance,497.59,NYSE
KENNEDY-WILSON,KW,Finance,2822.48,NYSE
QUAKER CHEMICAL,KWR,Basic Materials,1207.4,NYSE
KYOCERA CP ADR,KYO,Computer and Technology,19135.52,NYSE
LOEWS CORP,L,Finance,13870.86,NYSE
LITHIA MOTORS,LAD,Retail-Wholesale,3067.92,NYSE
LADDER CAP CP-A,LADR,Finance,831.97,NYSE
LAZARD LTD,LAZ,Finance,6982.71,NYSE
L BRANDS INC,LB,Retail-Wholesale,23841.78,NYSE
LENDINGCLUB CP,LC,Computer and Technology,5182.61,NYSE
LANNETT INC,LCI,Medical,1986.12,NYSE
LYDALL INC,LDL,Conglomerates,485.1,NYSE
LEIDOS HOLDINGS,LDOS,Aerospace,3306.68,NYSE
LANDAUER INC,LDR,Industrial Products,335.84,NYSE
LEAR CORPORATN,LEA,Auto-Tires-Trucks,8097.96,NYSE
SPRINGLEAF HLDG,LEAF,Finance,6350.24,NYSE
LEGGETT & PLATT,LEG,Consumer Discretionary,6499.37,NYSE
LEJU HOLDINGS,LEJU,Finance,934.77,NYSE
LENNAR CORP -A,LEN,Construction,10245.58,NYSE
LENNAR CORP -B,LEN.B,Construction,10492.56,NYSE
DREYFUS ST MUNI,LEO,Finance,500.36,NYSE
CHINA LIFE INS,LFC,Finance,103957.58,NYSE
LATAM AIRLINES,LFL,Transportation,3295.11,NYSE
LACLEDE GRP INC,LG,Utilities,2328.83,NYSE
LIONS GATE ETMT,LGF,Consumer Discretionary,5577.45,NYSE
LABORATORY CP,LH,Medical,12548.84,NYSE
LASALLE HTL PRP,LHO,Finance,3637.75,NYSE
LENNOX INTL INC,LII,Construction,5356.2,NYSE
LUMBER LIQUIDAT,LL,Retail-Wholesale,326.65,NYSE
L-3 COMM HLDGS,LLL,Aerospace,9493.64,NYSE
LILLY ELI & CO,LLY,Medical,91199.66,NYSE
LEGG MASON INC,LM,Finance,5299.44,NYSE
LOCKHEED MARTIN,LMT,Aerospace,64929.76,NYSE
LINCOLN NATL-IN,LNC,Finance,13990.57,NYSE
LINKEDIN CORP-A,LNKD,Computer and Technology,24772.31,NYSE
LINDSAY CORP,LNN,Industrial Products,971.05,NYSE
ALLIANT ENGY CP,LNT,Utilities,6859.96,NYSE
LIFELOCK INC,LOCK,Business Services,712.49,NYSE
LOWES COS,LOW,Retail-Wholesale,64849.66,NYSE
DORIAN LPG LTD,LPG,Transportation,804.67,NYSE
LAREDO PETROLM,LPI,Oils-Energy,1713.16,NYSE
LG DISPLAY-ADR,LPL,Computer and Technology,7048.97,NYSE
LIBERTY PPTY TR,LPT,Finance,5029.37,NYSE
LOUISIANA PAC,LPX,Construction,2262.81,NYSE
LA QUINTA HLDGS,LQ,Consumer Discretionary,2671.94,NYSE
K12 INC,LRN,Consumer Discretionary,545.58,NYSE
LTC PROPERTIES,LTC,Finance,1538.21,NYSE
LEUCADIA NATL,LUK,Conglomerates,8484.49,NYSE
SOUTHWEST AIR,LUV,Transportation,24778.6,NYSE
LUXOTTICA ADR,LUX,Medical,35106.44,NYSE
LEVEL 3 COMM,LVLT,Computer and Technology,17269.73,NYSE
LAS VEGAS SANDS,LVS,Consumer Discretionary,45362.52,NYSE
LUXFER HOLDINGS,LXFR,Industrial Products,323.46,NYSE
LUXOFT HOLDING,LXFT,Computer and Technology,1966.46,NYSE
LEXMARK INTL,LXK,Computer and Technology,1996.75,NYSE
LEXINGTON PPTY,LXP,Finance,2064.48,NYSE
LSB INDS INC,LXU,Conglomerates,523.09,NYSE
LYONDELLBASEL-A,LYB,Basic Materials,40526.46,NYSE
LLOYDS BANK GRP,LYG,Finance,91715.25,NYSE
LIVE NATION ENT,LYV,Consumer Discretionary,5080.14,NYSE
LA-Z-BOY INC,LZB,Consumer Discretionary,1248.86,NYSE
MACYS INC,M,Retail-Wholesale,22505.83,NYSE
MASTERCARD INC,MA,Business Services,110685.51,NYSE
MID-AMER APT CM,MAA,Finance,6120.45,NYSE
MACERICH CO,MAC,Finance,12717.93,NYSE
MAIN STREET CAP,MAIN,Finance,1454.48,NYSE
MANPOWER INC WI,MAN,Business Services,6983.15,NYSE
MANCHESTER UTD,MANU,Consumer Discretionary,731.07,NYSE
MASCO,MAS,Construction,9228.18,NYSE
MATSON INC,MATX,Transportation,1748.59,NYSE
MBIA INC,MBI,Finance,1086.38,NYSE
MOBILEYE NV,MBLY,Computer and Technology,12808.84,NYSE
MOBILE TELE-ADR,MBT,Computer and Technology,6560.88,NYSE
MOELIS & CO,MC,Finance,589.26,NYSE
BR-MUNIYLD CA I,MCA,Finance,507.01,NYSE
MEDLEY CAPITAL,MCC,Finance,495.11,NYSE
MCDONALDS CORP,MCD,Retail-Wholesale,94816.3,NYSE
BABSON CAP CORP,MCI,Finance,316.01,NYSE
MCKESSON CORP,MCK,Medical,50231.59,NYSE
MOODYS CORP,MCO,Finance,21994.94,NYSE
MILACRON HLDGS,MCRN,Industrial Products,1029.42,NYSE
MARCUS CORP,MCS,Consumer Discretionary,551.9,NYSE
MERCURY GENL CP,MCY,Finance,3017.47,NYSE
MEDNAX INC,MD,Medical,7936.5,NYSE
MDC HLDGS,MDC,Construction,1397.14,NYSE
MEREDITH CORP,MDP,Consumer Staples,2032.72,NYSE
MCDERMOTT INTL,MDR,Oils-Energy,1068.95,NYSE
MEDTRONIC,MDT,Medical,109738.88,NYSE
MDU RESOURCES,MDU,Utilities,3334.48,NYSE
MEDIFAST INC,MED,Consumer Staples,342.9,NYSE
MEDIA GENERAL,MEG,Consumer Discretionary,1792.99,NYSE
METHODE ELECT-A,MEI,Computer and Technology,1032.9,NYSE
METLIFE INC,MET,Finance,61334.66,NYSE
MFA FINANCIAL,MFA,Finance,2722.37,NYSE
MANULIFE FINL,MFC,Finance,34534.1,NYSE
MIZUHO FINL-ADR,MFG,Finance,52734.82,NYSE
BR-MUNIHLD INSR,MFL,Finance,536.87,NYSE
MFS MUNI INC TR,MFM,Finance,258.66,NYSE
MISTRAS GROUP,MG,Computer and Technology,432.54,NYSE
MAGNA INTL CL A,MGA,Auto-Tires-Trucks,22315.71,NYSE
MGM RESORTS INT,MGM,Consumer Discretionary,12499.53,NYSE
MCGRAW HILL FIN,MHFI,Business Services,27446.2,NYSE
MARINE HARV-ADR,MHG,Consumer Staples,2781.53,NYSE
MOHAWK INDS INC,MHK,Consumer Discretionary,14899.6,NYSE
BR-MUNIHLD NY I,MHN,Finance,433,NYSE
M/I HOMES INC,MHO,Construction,591.97,NYSE
MACQUARIE INFRA,MIC,Conglomerates,6077.49,NYSE
MFS INTERMED,MIN,Finance,542.46,NYSE
AG MORTGAGE INV,MITT,Finance,487.16,NYSE
MEAD JOHNSON NU,MJN,Consumer Staples,17873.47,NYSE
MCCORMICK & CO,MKC,Consumer Staples,10686.62,NYSE
MARKEL CORP,MKL,Finance,12113.91,NYSE
MUELLER INDS,MLI,Industrial Products,1807.06,NYSE
MARTIN MRT-MATL,MLM,Construction,11308.47,NYSE
MARSH &MCLENNAN,MMC,Finance,30638.89,NYSE
MARCUS&MILLICHP,MMI,Finance,1834.32,NYSE
3M CO,MMM,Conglomerates,93018.28,NYSE
MAGELLAN MDSTRM,MMP,Oils-Energy,14568.91,NYSE
MAXIMUS INC,MMS,Business Services,3930.46,NYSE
MFS MULTI INC,MMT,Finance,464.93,NYSE
WESTN AST MGD M,MMU,Finance,599.96,NYSE
MALLINCKRODT PL,MNK,Medical,11741.95,NYSE
MONMOUTH RE CLA,MNR,Finance,571.1,NYSE
ALTRIA GROUP,MO,Consumer Staples,108798.97,NYSE
MODINE MANUFACT,MOD,Auto-Tires-Trucks,469.33,NYSE
MODEL N INC,MODN,Computer and Technology,290.83,NYSE
MOOG INC  A,MOG.A,Aerospace,2499.05,NYSE
MOOG INC B,MOG.B,Aerospace,2512.22,NYSE
MOLINA HLTHCR,MOH,Medical,4240.08,NYSE
MONSANTO CO-NEW,MON,Basic Materials,47368.29,NYSE
MONOGRAM REIT,MORE,Finance,1593.56,NYSE
MOSAIC CO/THE,MOS,Basic Materials,16211.51,NYSE
MOVADO GRP INC,MOV,Retail-Wholesale,582.31,NYSE
MARATHON PETROL,MPC,Oils-Energy,27435.15,NYSE
METALDYNE PERFM,MPG,Auto-Tires-Trucks,1381.83,NYSE
MPLX LP,MPLX,Oils-Energy,2004.39,NYSE
MEDICAL PPTYS,MPW,Finance,2538.33,NYSE
MARINE PRODUCTS,MPX,Consumer Discretionary,263.31,NYSE
BR-MUNIYLD QFII,MQT,Finance,286.26,NYSE
BR-MUNIYLD QLTY,MQY,Finance,473.96,NYSE
MINDRAY MEDICAL,MR,Medical,3233.2,NYSE
MRC GLOBAL INC,MRC,Industrial Products,1229.21,NYSE
MERCK & CO INC,MRK,Medical,163778.13,NYSE
MARATHON OIL CP,MRO,Oils-Energy,12419.15,NYSE
MORGAN STANLEY,MS,Finance,75361.59,NYSE
MSA SAFETY INC,MSA,Industrial Products,1811.1,NYSE
MSCI INC-A,MSCI,Computer and Technology,7261.69,NYSE
MADISON SQUARE,MSG,Consumer Discretionary,5960.49,NYSE
MOTOROLA SOLUTN,MSI,Computer and Technology,13540.37,NYSE
MSC INDL DIRECT,MSM,Industrial Products,4304.27,NYSE
MARTHA STWT LIV,MSO,Consumer Staples,339.17,NYSE
ARCELOR MITTAL,MT,Basic Materials,15687.99,NYSE
M&T BANK CORP,MTB,Finance,17405.36,NYSE
METTLER-TOLEDO,MTD,Computer and Technology,9122.11,NYSE
MATADOR RESOURC,MTDR,Oils-Energy,1836.31,NYSE
MGIC INVSTMT CP,MTG,Finance,3651.12,NYSE
MERITAGE HOMES,MTH,Construction,1684.01,NYSE
MECHEL OAO ADS,MTL,Basic Materials,369.07,NYSE
VAIL RESORTS,MTN,Consumer Discretionary,3976.55,NYSE
MERITOR INC,MTOR,Auto-Tires-Trucks,1333.38,NYSE
MATERION CORP,MTRN,Basic Materials,606.57,NYSE
MITSUBISHI-UFJ,MTU,Finance,99856.09,NYSE
MANITOWOC INC,MTW,Industrial Products,2266.85,NYSE
MINERAL TECH,MTX,Basic Materials,2104.7,NYSE
MASTEC INC,MTZ,Construction,1317.36,NYSE
BR-MUNIASSET FD,MUA,Finance,490.41,NYSE
BR-MUNIHLD CA,MUC,Finance,591.25,NYSE
BR-MUNIHLD NJ,MUJ,Finance,410.4,NYSE
MURPHY OIL,MUR,Oils-Energy,5748.4,NYSE
MURPHY USA INC,MUSA,Oils-Energy,2253.64,NYSE
BR-MUNIVST FD 2,MVT,Finance,321.61,NYSE
MENS WEARHOUSE,MW,Retail-Wholesale,2752.05,NYSE
MUELLER WATER,MWA,Industrial Products,1410.29,NYSE
MARKWEST EGY PT,MWE,Oils-Energy,10257.97,NYSE
MONSTER WWD INC,MWW,Computer and Technology,644.85,NYSE
MAGNACHIP SEMI,MX,Computer and Technology,317.57,NYSE
MEXICO FUND,MXF,Finance,288.35,NYSE
MAXLINEAR INC-A,MXL,Computer and Technology,426.29,NYSE
CHINA MING YANG,MY,Oils-Energy,356.46,NYSE
BR-MUNIYLD CA F,MYC,Finance,332.37,NYSE
CLUBCORP HLDGS,MYCC,Consumer Discretionary,1452.86,NYSE
BR-MUNIYLD FD I,MYD,Finance,664.67,NYSE
MYERS INDS,MYE,Industrial Products,458.46,NYSE
BR-MUNIYLD INSD,MYI,Finance,952.1,NYSE
BR-MUNIYLD NY I,MYN,Finance,516.73,NYSE
NETSUITE INC,N,Computer and Technology,7399.47,NYSE
NORDIC AMERICAN,NAT,Transportation,1326.14,NYSE
NAVISTAR INTL,NAV,Auto-Tires-Trucks,1365.14,NYSE
NATL BK GR-ADR,NBG,Finance,2685.19,NYSE
NATIONAL BK HLD,NBHC,Finance,741.02,NYSE
NOBLE ENERGY,NBL,Oils-Energy,14033.11,NYSE
NABORS IND,NBR,Oils-Energy,3799.12,NYSE
NACCO INDS-CL A,NC,Consumer Discretionary,369.15,NYSE
NUVEEN CA MUN V,NCA,Finance,257.9,NYSE
NAVIGANT CONSLT,NCI,Business Services,737.09,NYSE
NCR CORP-NEW,NCR,Computer and Technology,4584.6,NYSE
NCI BLDG SYSTEM,NCS,Construction,904.89,NYSE
NEWCASTLE INV,NCT,Finance,306.22,NYSE
NOBLE CORP PLC,NE,Oils-Energy,2935.01,NYSE
NEXTERA ENERGY,NEE,Utilities,48374.91,NYSE
NEWMONT MINING,NEM,Basic Materials,8538.95,NYSE
NEXTERA ENERGY,NEP,Oils-Energy,643.26,NYSE
NEWMARKET CORP,NEU,Basic Materials,4845.73,NYSE
NEW MEDIA INV,NEWM,Consumer Staples,704.99,NYSE
NEW RELIC INC,NEWR,Computer and Technology,1781.6,NYSE
NATL FUEL GAS,NFG,Utilities,4516.47,NYSE
NEWFIELD EXPL,NFX,Oils-Energy,5572.68,NYSE
NATL GRID -ADR,NGG,Utilities,50057.44,NYSE
NGL ENERGY PART,NGL,Oils-Energy,2590.17,NYSE
TARGA RESOURCES,NGLS,Oils-Energy,5823.45,NYSE
NATURAL GAS SVC,NGS,Oils-Energy,259.01,NYSE
NATURAL GROCERS,NGVC,Retail-Wholesale,566.55,NYSE
NATL HEALTH INV,NHI,Finance,2391.08,NYSE
NISOURCE INC,NI,Utilities,5375,NYSE
NUVEEN MUNI OPP,NIO,Finance,1344.29,NYSE
NIDEC CORP-ADR,NJ,Computer and Technology,26209.42,NYSE
NJ RESOURCES,NJR,Utilities,2448.04,NYSE
NIKE INC-B,NKE,Consumer Discretionary,97946.36,NYSE
NL INDS INC,NL,Basic Materials,295.51,NYSE
NAUTILUS INC,NLS,Retail-Wholesale,520.33,NYSE
NIELSEN NV,NLSN,Business Services,17040.65,NYSE
ANNALY CAP MGMT,NLY,Finance,9552.92,NYSE
NAVIOS MARI HLD,NM,Transportation,385.46,NYSE
NUVEEN MUN ADVA,NMA,Finance,581.61,NYSE
NIMBLE STORAGE,NMBL,Computer and Technology,2029.4,NYSE
NEW MOUNTN FIN,NMFC,Finance,859.52,NYSE
NAVIOS MARIT LP,NMM,Transportation,827.48,NYSE
NUVEEN MUN MKT,NMO,Finance,604.16,NYSE
NOMURA HLDG-ADR,NMR,Finance,25192.06,NYSE
NUVEEN MD PREM,NMY,Finance,296.25,NYSE
NAVIOS MARI ACQ,NNA,Transportation,624.86,NYSE
NELNET INC CL-A,NNI,Finance,1885.59,NYSE
NATL RETAIL PPT,NNN,Finance,4963.34,NYSE
NOAH HLDGS LTD,NOAH,Finance,1362.11,NYSE
NORTHROP GRUMMN,NOC,Aerospace,32353.4,NYSE
NOKIA CP-ADR A,NOK,Computer and Technology,24938.07,NYSE
NORD ANGLIA EDU,NORD,Consumer Discretionary,2594.53,NYSE
NATL OILWELL VR,NOV,Oils-Energy,15357.31,NYSE
SERVICENOW INC,NOW,Computer and Technology,11816.83,NYSE
NEENAH PAPER,NP,Basic Materials,1021.4,NYSE
NUVEEN PREMIER,NPF,Finance,261.54,NYSE
NUVEEN PREM INC,NPI,Finance,851.36,NYSE
NATL PRESTO IND,NPK,Conglomerates,552.38,NYSE
NUVEEN PREM MF2,NPM,Finance,952.94,NYSE
ENPRO INDUS INC,NPO,Industrial Products,1148.23,NYSE
NUVEEN PERFORM,NPP,Finance,840.35,NYSE
NUVEEN PREM MF4,NPT,Finance,569.89,NYSE
NETQIN MOBILE,NQ,Computer and Technology,274.47,NYSE
NUVEEN QUA MUNI,NQI,Finance,493.85,NYSE
NUVEEN INVT QUA,NQM,Finance,615.74,NYSE
NUVEEN PA INVT,NQP,Finance,503.8,NYSE
NUVEEN SL Q MUN,NQS,Finance,474.09,NYSE
NUVEEN QUAL INC,NQU,Finance,738.47,NYSE
NEWPARK RESOUR,NR,Oils-Energy,589.87,NYSE
NORTHSTAR RLTY,NRF,Finance,5404.02,NYSE
NRG ENERGY INC,NRG,Utilities,6536.5,NYSE
NATURAL RSRC LP,NRP,Oils-Energy,310.64,NYSE
NEW RESID INV,NRZ,Finance,3331.89,NYSE
NUSTAR ENERGY,NS,Oils-Energy,3883.4,NYSE
NATL STORAGE,NSA,Finance,280.83,NYSE
NORTHSTAR ASSET,NSAM,Finance,3638.38,NYSE
NORFOLK SOUTHRN,NSC,Transportation,24445.5,NYSE
NUSTAR GP HLDGS,NSH,Oils-Energy,1344.5,NYSE
NATIONSTAR MTGE,NSM,Finance,1902.79,NYSE
INSPERITY INC,NSP,Business Services,1197.23,NYSE
NEUSTAR INC -A,NSR,Computer and Technology,1636.32,NYSE
NORTHERN TIER,NTI,Oils-Energy,2431.3,NYSE
NORTEL INV-ADR,NTL,Utilities,2326.96,NYSE
NIPPON TELE-ADR,NTT,Utilities,89753.59,NYSE
NUCOR CORP,NUE,Basic Materials,14405.75,NYSE
NUVEEN MICH QUA,NUM,Finance,277.08,NYSE
NUVEEN OHIO QUA,NUO,Finance,268.75,NYSE
NU SKIN ENTERP,NUS,Consumer Staples,2769.09,NYSE
NUVEEN MUN VALU,NUV,Finance,1990.48,NYSE
NAVIGATOR HLDGS,NVGS,Transportation,920.69,NYSE
NOVO-NORDISK AS,NVO,Medical,152825.5,NYSE
NVR INC,NVR,Construction,5980.23,NYSE
NEVRO CORP,NVRO,Medical,1388.5,NYSE
NOVARTIS AG-ADR,NVS,Medical,246857.58,NYSE
INVITAE CORP,NVTA,Medical,320.1,NYSE
NORTHWESTERN CP,NWE,Utilities,2564.99,NYSE
NEWELL RUBBERMD,NWL,Consumer Staples,11618.59,NYSE
NORTHWEST NAT G,NWN,Utilities,1199.1,NYSE
QUANEX BLDG PRD,NX,Construction,663.19,NYSE
NEXPOINT REIT,NXRT,Finance,263.07,NYSE
NEW YORK CMNTY,NYCB,Finance,8086.93,NYSE
NRG YIELD INC-C,NYLD,Utilities,1000.78,NYSE
NEW YORK REIT,NYRT,Finance,1644.13,NYSE
NY TIMES  A,NYT,Consumer Staples,2190.09,NYSE
REALTY INCOME,O,Finance,11146.88,NYSE
ORBITAL ATK INC,OA,Aerospace,4616.66,NYSE
OAKTREE CAP GRP,OAK,Finance,8205.88,NYSE
OASIS PETROLEUM,OAS,Oils-Energy,1323.79,NYSE
ONEBEACON INSUR,OB,Finance,1385.07,NYSE
OWENS CORNING,OC,Construction,5240.05,NYSE
OCI PARTNERS LP,OCIP,Basic Materials,1304.97,NYSE
OCWEN FINL CORP,OCN,Finance,898.97,NYSE
OMNICARE INC,OCR,Medical,9480.59,NYSE
ORION ENGINRD,OEC,Basic Materials,1085.36,NYSE
CORP OFFICE PTY,OFC,Finance,2187.4,NYSE
OFG BANCORP,OFG,Finance,353.17,NYSE
OGE ENERGY CORP,OGE,Utilities,5975.25,NYSE
ONE GAS INC,OGS,Utilities,2327.32,NYSE
OMEGA HLTHCARE,OHI,Finance,6552.55,NYSE
OWENS-ILLINOIS,OI,Industrial Products,3360.05,NYSE
INV-MUN INCOM,OIA,Finance,321.54,NYSE
OI SA,OIBR,Utilities,507.78,NYSE
OCEANEERING INT,OII,Oils-Energy,4058.57,NYSE
OIL STATES INTL,OIS,Oils-Energy,1525.88,NYSE
ONEOK INC,OKE,Utilities,7164.64,NYSE
ONEOK PARTNERS,OKS,Oils-Energy,7978.3,NYSE
OLIN CORP,OLN,Basic Materials,1674.5,NYSE
ONE LBRTY PPTY,OLP,Finance,374.85,NYSE
OM ASSET MGMT,OMAM,Finance,2127.48,NYSE
OMNICOM GRP,OMC,Business Services,17604.01,NYSE
OMEGA PROTEIN,OME,Consumer Staples,340.54,NYSE
OM GROUP INC,OMG,Basic Materials,1025.13,NYSE
OWENS & MINOR,OMI,Medical,2187.35,NYSE
OMNOVA SOLUTION,OMN,Basic Materials,306.5,NYSE
ON DECK CAPITAL,ONDK,Finance,638.25,NYSE
OPKO HEALTH INC,OPK,Medical,6374.88,NYSE
OPOWER INC,OPWR,Computer and Technology,478.49,NYSE
OPPENHEIMER HLD,OPY,Finance,301.38,NYSE
ORMAT TECH INC,ORA,Oils-Energy,1833.49,NYSE
ORANGE-ADR,ORAN,Computer and Technology,43229.8,NYSE
ORACLE CORP,ORCL,Computer and Technology,171535.22,NYSE
OLD REP INTL,ORI,Finance,4319.4,NYSE
OSHKOSH CORP,OSK,Auto-Tires-Trucks,2894.63,NYSE
OUTFRONT MEDIA,OUT,Finance,3249.56,NYSE
ORBITZ WORLDWID,OWW,Retail-Wholesale,1291.53,NYSE
OXFORD INDS INC,OXM,Consumer Discretionary,1414.86,NYSE
OCCIDENTAL PET,OXY,Oils-Energy,52544.55,NYSE
OCH-ZIFF CAPTL,OZM,Finance,1920.51,NYSE
PANDORA MEDIA,P,Computer and Technology,3810.44,NYSE
PLAINS ALL AMER,PAA,Oils-Energy,14050.45,NYSE
GRUPO AEROP-PAC,PAC,Transportation,3985.04,NYSE
PACIFIC DRILLNG,PACD,Oils-Energy,434.6,NYSE
PENSKE AUTO GRP,PAG,Retail-Wholesale,4762.32,NYSE
PLAINS GP HLDGS,PAGP,Oils-Energy,3961.1,NYSE
PLATFORM SP PR,PAH,Basic Materials,4686.72,NYSE
PAMPA ENERGIA,PAM,Utilities,840.1,NYSE
PALO ALTO NETWK,PANW,Computer and Technology,14684,NYSE
VERIFONE SYSTMS,PAY,Business Services,3683.66,NYSE
PAYCOM SOFTWARE,PAYC,Computer and Technology,2183.66,NYSE
PROSPERITY BCSH,PB,Finance,3833.29,NYSE
PEMBINA PIPELN,PBA,Oils-Energy,9427.03,NYSE
PBF ENERGY INC,PBF,Oils-Energy,2736.87,NYSE
PBF LOGISTICS,PBFX,Oils-Energy,364.34,NYSE
PRESTIGE BRANDS,PBH,Consumer Discretionary,2522.51,NYSE
PITNEY BOWES IN,PBI,Computer and Technology,4176.85,NYSE
PETROBRAS-ADR C,PBR,Oils-Energy,39459.61,NYSE
PETROBRAS-ADR P,PBR.A,Oils-Energy,36002.82,NYSE
PERMIAN BAS RT,PBT,Oils-Energy,302.49,NYSE
PEP BOYS M M &J,PBY,Retail-Wholesale,629.67,NYSE
PUMA BIOTECHNLG,PBYI,Medical,2763.06,NYSE
PG&E CORP,PCG,Utilities,25871.99,NYSE
PLUM CREEK TMBR,PCL,Construction,7195.34,NYSE
PRECISION CASTP,PCP,Industrial Products,26703.09,NYSE
PIEDMONT OFFICE,PDM,Finance,2747.86,NYSE
PRECISION DRILL,PDS,Oils-Energy,1475.81,NYSE
HANCOCK PAT -II,PDT,Finance,667.46,NYSE
PARSLEY ENGY-A,PE,Oils-Energy,1568.35,NYSE
PEBBLEBROOK HTL,PEB,Finance,2829.61,NYSE
PUBLIC SV ENTRP,PEG,Utilities,21468.83,NYSE
PENN RE INV TR,PEI,Finance,1494.03,NYSE
ADAMS NATRL RES,PEO,Finance,546.76,NYSE
PEPSICO INC,PEP,Consumer Staples,145577.2,NYSE
SANDRIDGE PERMN,PER,Oils-Energy,278.38,NYSE
PINNACLE FOODS,PF,Consumer Staples,5305.87,NYSE
PFIZER INC,PFE,Medical,216688.39,NYSE
PRINCIPAL FINL,PFG,Finance,16278.77,NYSE
PROVIDNT FIN SV,PFS,Finance,1275.07,NYSE
PENNYMAC FIN SV,PFSI,Finance,384.41,NYSE
PROCTER & GAMBL,PG,Consumer Staples,204776.95,NYSE
PLY GEM HOLDING,PGEM,Construction,911.62,NYSE
PENGROWTH EGY,PGH,Oils-Energy,669.21,NYSE
PREMIERE GLOBAL,PGI,Computer and Technology,511.69,NYSE
PRESS GANEY HLD,PGND,Computer and Technology,1611.82,NYSE
PROGRESSIVE COR,PGR,Finance,18033.24,NYSE
PARAMOUNT GROUP,PGRE,Finance,3807.32,NYSE
PARKER HANNIFIN,PH,Industrial Products,15420.88,NYSE
KONINKLIJKE PHL,PHG,Computer and Technology,25805.97,NYSE
PHH CORP,PHH,Finance,775.07,NYSE
PHILIPPINE TEL,PHI,Utilities,12736.5,NYSE
PIMCO HIF,PHK,Finance,1199.44,NYSE
PULTE GROUP ONC,PHM,Construction,6964.07,NYSE
PANHANDLE OIL&G,PHX,Oils-Energy,292.62,NYSE
POLARIS INDUS,PII,Consumer Discretionary,8986.87,NYSE
PUTNAM MAST INT,PIM,Finance,264.21,NYSE
PIER 1 IMPORTS,PIR,Retail-Wholesale,1020.74,NYSE
PIPER JAFFRAY,PJC,Finance,608.16,NYSE
PARKER DRILLING,PKD,Oils-Energy,297.15,NYSE
PARK ELECTROCHE,PKE,Computer and Technology,365.39,NYSE
PACKAGING CORP,PKG,Industrial Products,6975.87,NYSE
PERKINELMER INC,PKI,Computer and Technology,5805.21,NYSE
POSCO-ADR,PKX,Basic Materials,14553.25,NYSE
PARKWAY PPTY,PKY,Finance,1932.18,NYSE
PROLOGIS INC,PLD,Finance,21363.42,NYSE
PALL CORP,PLL,Industrial Products,13525.89,NYSE
DOUGLAS DYNAMIC,PLOW,Auto-Tires-Trucks,507.59,NYSE
PLANTRONICS INC,PLT,Computer and Technology,1991.24,NYSE
PHILIP MORRIS,PM,Consumer Staples,131820.23,NYSE
PHARMERICA CORP,PMC,Medical,1001.28,NYSE
PUTNAM MANAGED,PMM,Finance,389.31,NYSE
PUTNAM MUN OPPO,PMO,Finance,487.81,NYSE
PENNYMAC MORTGE,PMT,Finance,1191.87,NYSE
PATRIOT NATIONL,PN,Finance,492.63,NYSE
PNC FINL SVC CP,PNC,Finance,50230.08,NYSE
PINNACLE ENTRTN,PNK,Consumer Discretionary,2375.47,NYSE
PNM RESOURCES,PNM,Utilities,2138.71,NYSE
PENTAIR PLC,PNR,Industrial Products,11008.62,NYSE
PINNACLE WEST,PNW,Utilities,6939.17,NYSE
PIEDMONT NAT GA,PNY,Utilities,3034.99,NYSE
POLYONE CORP,POL,Basic Materials,2963.74,NYSE
PEPCO HLDGS,POM,Utilities,6808.1,NYSE
PORTLAND GEN EL,POR,Utilities,3212.44,NYSE
POST HOLDINGS,POST,Consumer Staples,3185.89,NYSE
POTASH SASK,POT,Basic Materials,22301.82,NYSE
POWERSECURE INT,POWR,Oils-Energy,311.79,NYSE
PPG INDS INC,PPG,Basic Materials,28133.33,NYSE
PPL CORP,PPL,Utilities,21680.23,NYSE
POLYPORE INTL,PPO,Computer and Technology,2701.38,NYSE
PRIMERO MINING,PPP,Basic Materials,444.55,NYSE
POST PPTYS INC,PPS,Finance,3172.34,NYSE
PUTNAM PREMIER,PPT,Finance,602.78,NYSE
PROASSURANCE CP,PRA,Finance,2673.68,NYSE
PARTNERRE LTD,PRE,Finance,6592.35,NYSE
PERRIGO CO PLC,PRGO,Medical,27820.69,NYSE
PRIMERICA INC,PRI,Finance,2138.3,NYSE
PROTO LABS INC,PRLB,Industrial Products,1851.47,NYSE
PROS HOLDINGS,PRO,Computer and Technology,644.42,NYSE
PARTY CITY HOCO,PRTY,Consumer Discretionary,2361.21,NYSE
PRUDENTIAL FINL,PRU,Finance,40502.73,NYSE
PUBLIC STORAGE,PSA,Finance,36102.41,NYSE
PS BUSINESS PKS,PSB,Finance,2060.39,NYSE
PERFORMANCE SPR,PSG,Consumer Discretionary,723.61,NYSE
PEARSON PLC-ADR,PSO,Consumer Discretionary,15134.59,NYSE
PHILLIPS 66,PSX,Oils-Energy,42835.56,NYSE
PHILLIPS 66 PTR,PSXP,Oils-Energy,3274.03,NYSE
PETROCHINA ADR,PTR,Oils-Energy,171088.03,NYSE
PIMCO CP&INC OP,PTY,Finance,993.69,NYSE
PRUDENTIAL PLC,PUK,Finance,61178.66,NYSE
PRETIUM RES INC,PVG,Basic Materials,647,NYSE
PVH CORP,PVH,Consumer Discretionary,9410.35,NYSE
PENN WEST EGY,PWE,Oils-Energy,572.51,NYSE
QUANTA SERVICES,PWR,Construction,4834.33,NYSE
PRAXAIR INC,PX,Basic Materials,32414.3,NYSE
PIONEER NAT RES,PXD,Oils-Energy,18584.74,NYSE
PETROBRAS EGY,PZE,Oils-Energy,1342.79,NYSE
PZENA INVESTMNT,PZN,Finance,708.38,NYSE
QUINTILES TRANS,Q,Medical,9238.69,NYSE
QEP RESOURCES,QEP,Oils-Energy,2423.87,NYSE
QIHOO 360 TECH,QIHU,Computer and Technology,6331.02,NYSE
RESTAURANT BRND,QSR,Retail-Wholesale,8675.33,NYSE
QUANTUM CP-DSSG,QTM,Computer and Technology,301.11,NYSE
QTS REALTY TRST,QTS,Finance,1735.69,NYSE
Q2 HOLDINGS INC,QTWO,Computer and Technology,1039.43,NYSE
QUAD GRAPHICS,QUAD,Industrial Products,746.93,NYSE
RYDER SYS,R,Transportation,4824.46,NYSE
RITE AID CORP,RAD,Retail-Wholesale,9012.53,NYSE
REYNOLDS AMER,RAI,Consumer Staples,54869.45,NYSE
RAIT FINL TRUST,RAS,Finance,432.72,NYSE
BANKRATE INC,RATE,Computer and Technology,1037.02,NYSE
RACKSPACE HOSTG,RAX,Computer and Technology,4577.32,NYSE
RITCHIE BROS,RBA,Business Services,2945.56,NYSE
REGAL BELOIT,RBC,Industrial Products,3198.32,NYSE
ROYAL BK SC-ADR,RBS,Finance,34284.34,NYSE
RCS CAPITAL CP,RCAP,Finance,308.64,NYSE
ROGERS COMM CLB,RCI,Consumer Discretionary,17763.92,NYSE
ROYAL CARIBBEAN,RCL,Consumer Discretionary,20056.69,NYSE
PIMCO ST GLB GV,RCS,Finance,349.97,NYSE
ROWAN COS PLC,RDC,Oils-Energy,2155.9,NYSE
RADIAN GRP INC,RDN,Finance,3783.77,NYSE
ROYAL DTCH SH-A,RDS.A,Oils-Energy,183936.83,NYSE
ROYAL DTCH SH-B,RDS.B,Oils-Energy,185929.27,NYSE
DOCTOR REDDYS,RDY,Medical,11466.89,NYSE
EVEREST RE LTD,RE,Finance,8141.49,NYSE
REGENCY CTRS CP,REG,Finance,5989.57,NYSE
RELX PLC,RELX,Computer and Technology,19111.25,NYSE
RENREN INC-ADR,RENN,Computer and Technology,1198.26,NYSE
REED ELSEVR-NV,RENX,Consumer Staples,32513.31,NYSE
RPC INC,RES,Oils-Energy,2556.46,NYSE
ALTISOURCE RESI,RESI,Finance,893.51,NYSE
REVLON INC-A,REV,Consumer Staples,1913.57,NYSE
REX AMERICAN RS,REX,Oils-Energy,386.47,NYSE
REXFORD IND RTY,REXR,Finance,774.94,NYSE
REGIONS FINL CP,RF,Finance,14135.22,NYSE
COHEN & STEERS,RFI,Finance,329.59,NYSE
RESOLUTE FOREST,RFP,Basic Materials,926.21,NYSE
REINSURANCE GRP,RGA,Finance,6357.91,NYSE
REGAL ENTMNT GP,RGC,Consumer Discretionary,3079.49,NYSE
STURM RUGER&CO,RGR,Consumer Discretionary,1180.84,NYSE
REGIS CORP/MN,RGS,Retail-Wholesale,790.32,NYSE
RESTORATION HDW,RH,Retail-Wholesale,3977.82,NYSE
ROBT HALF INTL,RHI,Business Services,7507.79,NYSE
RYMAN HOSPITLTY,RHP,Finance,2710.31,NYSE
RED HAT INC,RHT,Computer and Technology,14236.45,NYSE
RICE ENERGY INC,RICE,Oils-Energy,2503.9,NYSE
TRANSOCEAN LTD,RIG,Oils-Energy,4930.67,NYSE
TRANSOCEAN PTN,RIGP,Oils-Energy,451.03,NYSE
RIO TINTO-ADR,RIO,Basic Materials,56269.79,NYSE
RAYMOND JAS FIN,RJF,Finance,8432.08,NYSE
RUCKUS WIRELESS,RKUS,Computer and Technology,1057.3,NYSE
RALPH LAUREN CP,RL,Consumer Discretionary,10370.01,NYSE
REALD INC,RLD,Business Services,544.99,NYSE
REALOGY HOLDING,RLGY,Finance,6362.02,NYSE
RLI CORP,RLI,Finance,2404.19,NYSE
RLJ LODGING TR,RLJ,Finance,3768.51,NYSE
RE/MAX HOLDINGS,RMAX,Finance,474.76,NYSE
RESMED INC,RMD,Medical,7733.8,NYSE
RICE MIDSTREAM,RMP,Oils-Energy,470.7,NYSE
ROYCE OTC MICRO,RMT,Finance,296.06,NYSE
RENTECH NITROGN,RNF,Basic Materials,400.8,NYSE
RINGCENTRAL INC,RNG,Computer and Technology,1298.5,NYSE
RENAISSANCERE,RNR,Finance,4885.12,NYSE
ROGERS CORP,ROG,Computer and Technology,1086.9,NYSE
ROCKWELL AUTOMT,ROK,Industrial Products,15597.24,NYSE
ROLLINS INC,ROL,Business Services,6466.04,NYSE
ROPER INDS INC,ROP,Computer and Technology,16914.67,NYSE
RETAIL PROPERTS,RPAI,Finance,3562.53,NYSE
RPM INTL INC,RPM,Construction,6185.81,NYSE
RAMCO-GERSHENSN,RPT,Finance,1310.92,NYSE
RANGE RESOURCES,RRC,Oils-Energy,6049.61,NYSE
ROSE ROCK MIDST,RRMS,Oils-Energy,1326.65,NYSE
ROADRUNNER TRAN,RRTS,Transportation,922.95,NYSE
RELIANCE STEEL,RS,Industrial Products,4502.24,NYSE
ROUSE PROPERTS,RSE,Finance,1029.61,NYSE
REPUBLIC SVCS,RSG,Business Services,14860.38,NYSE
RESOURCE CAPITL,RSO,Finance,407.88,NYSE
RSP PERMIAN INC,RSPP,Oils-Energy,1952.62,NYSE
RUBY TUESDAY,RT,Retail-Wholesale,431.78,NYSE
RUDOLPH TECH,RTEC,Computer and Technology,423.15,NYSE
RAYTHEON CO,RTN,Aerospace,33032.09,NYSE
RUBICON PROJECT,RUBI,Computer and Technology,686.03,NYSE
ROYCE VALUE TR,RVT,Finance,986.5,NYSE
REDWOOD TRUST,RWT,Finance,1178.77,NYSE
REXNORD CORP,RXN,Industrial Products,2099.28,NYSE
ROYAL BANK CDA,RY,Finance,83859.62,NYSE
RAYONIER ADV MT,RYAM,Basic Materials,552.18,NYSE
RYLAND GRP INC,RYL,Construction,2010.42,NYSE
RAYONIER INC,RYN,Construction,2923.78,NYSE
SPRINT CORP,S,Computer and Technology,13370.09,NYSE
SONIC AUTOMOTVE,SAH,Retail-Wholesale,1128.63,NYSE
SCIENCE APP INT,SAIC,Computer and Technology,2388.91,NYSE
SCORPIO BULKERS,SALT,Transportation,604.95,NYSE
BOSTON BEER INC,SAM,Consumer Staples,3095.64,NYSE
BANCO SANTAN SA,SAN,Finance,96776.16,NYSE
SAP AG ADR,SAP,Computer and Technology,88452.29,NYSE
SAFE BULKERS,SB,Transportation,295.51,NYSE
SIBANYE GLD-ADR,SBGL,Basic Materials,1021.31,NYSE
SALLY BEAUTY CO,SBH,Retail-Wholesale,4230.5,NYSE
SABINE RYLTY TR,SBR,Oils-Energy,468.86,NYSE
SABESP -ADR,SBS,Utilities,3178.32,NYSE
SILVER BAY RLTY,SBY,Finance,587.68,NYSE
SANTANDER CNSMR,SC,Finance,8153.21,NYSE
SOUTHERN COPPER,SCCO,Basic Materials,21917.88,NYSE
SCANA CORP,SCG,Utilities,8009.07,NYSE
SCHWAB(CHAS),SCHW,Finance,46012.57,NYSE
SERVICE CORP IN,SCI,Consumer Staples,6299.95,NYSE
STEPAN CO,SCL,Basic Materials,1075.03,NYSE
STEELCASE INC,SCS,Business Services,2153.36,NYSE
SEADRILL PTNRS,SDLP,Oils-Energy,839.35,NYSE
SEADRILL LTD,SDRL,Oils-Energy,4075.13,NYSE
SPECTRA ENERGY,SE,Oils-Energy,19602.75,NYSE
SEAWORLD ENTERT,SEAS,Consumer Discretionary,1632.08,NYSE
SEALED AIR CORP,SEE,Industrial Products,11615.88,NYSE
SELECT MEDICAL,SEM,Medical,1896.84,NYSE
SEMGROUP CORP-A,SEMG,Oils-Energy,2405.77,NYSE
SPECTRA EGY PTR,SEP,Oils-Energy,14216.38,NYSE
SERVICEMASTR GH,SERV,Business Services,4841.36,NYSE
STIFEL FINL,SF,Finance,3785.49,NYSE
SAFEGUARD SCTFC,SFE,Finance,384.32,NYSE
STANCORP FNL CP,SFG,Finance,4831.24,NYSE
SHIP FIN INTL,SFL,Transportation,1502.56,NYSE
SMART&FINAL STR,SFS,Consumer Staples,1213.39,NYSE
SOUFUN HLDG-ADR,SFUN,Business Services,2896.55,NYSE
STAR GAS PTNRS,SGU,Oils-Energy,533.87,NYSE
STONE ENERGY CP,SGY,Oils-Energy,296.82,NYSE
SHAKE SHACK INC,SHAK,Retail-Wholesale,863.84,NYSE
SHINHAN FIN-ADR,SHG,Finance,17104.39,NYSE
SHANGHAI PETROC,SHI,Basic Materials,4300.56,NYSE
SHELL MIDSTREAM,SHLX,Oils-Energy,2591.71,NYSE
SUNSTONE HOTEL,SHO,Finance,2977.94,NYSE
SHOPIFY INC,SHOP,Computer and Technology,318.06,NYSE
SHERWIN WILLIAM,SHW,Construction,25105.45,NYSE
CIA SIDERUR-ADR,SID,Basic Materials,1540.15,NYSE
SIGNET JEWELERS,SIG,Retail-Wholesale,9642.48,NYSE
SELECT INCOME,SIR,Finance,1742.81,NYSE
SIX FLAGS ENTMT,SIX,Consumer Discretionary,4339.75,NYSE
SOUTH JERSEY IN,SJI,Utilities,1619.01,NYSE
SMUCKER JM,SJM,Consumer Staples,13168.16,NYSE
SHAW COMMS-CL B,SJR,Consumer Discretionary,9224.11,NYSE
SAN JUAN BAS RT,SJT,Oils-Energy,491.72,NYSE
SJW CORP,SJW,Utilities,599.31,NYSE
SK TELECOM CO,SKM,Computer and Technology,14857.62,NYSE
TANGER FACT OUT,SKT,Finance,3144.58,NYSE
SKECHERS USA-A,SKX,Consumer Discretionary,8007.11,NYSE
SCHLUMBERGER LT,SLB,Oils-Energy,104083.18,NYSE
US SILICA HOLDI,SLCA,Basic Materials,1203.46,NYSE
SUN LIFE FINL,SLF,Finance,20939.94,NYSE
SL GREEN REALTY,SLG,Finance,11315.42,NYSE
SOLERA HOLDINGS,SLH,Computer and Technology,2880.75,NYSE
SILVER WHEATON,SLW,Basic Materials,5132.04,NYSE
SM ENERGY CO,SM,Oils-Energy,2376.89,NYSE
SUMITOMO-MITSUI,SMFG,Finance,64198.12,NYSE
SCOTTS MIRCL-GR,SMG,Basic Materials,4027.65,NYSE
SEMICON MFG-ADR,SMI,Computer and Technology,3618.61,NYSE
SUMMIT MIDSTRM,SMLP,Oils-Energy,1016.14,NYSE
STANDARD MOTOR,SMP,Auto-Tires-Trucks,827.68,NYSE
SANCHEZ ENERGY,SN,Oils-Energy,373.2,NYSE
SNAP-ON INC,SNA,Consumer Discretionary,9660.63,NYSE
SONY CORP ADR,SNE,Consumer Discretionary,31392.66,NYSE
SENIOR HOUSING,SNH,Finance,3990.68,NYSE
SCRIPPS NETWRKS,SNI,Consumer Discretionary,7546.96,NYSE
SMITH & NEPHEW,SNN,Medical,16408.65,NYSE
INTRAWEST RESRT,SNOW,Consumer Discretionary,427.13,NYSE
CHINA PETRO&CHM,SNP,Oils-Energy,90064.87,NYSE
NEW SENIOR INV,SNR,Finance,1041.82,NYSE
SYNOVUS FINL CP,SNV,Finance,4200.51,NYSE
SYNNEX CORP,SNX,Computer and Technology,3076.63,NYSE
SANOFI-AVENTIS,SNY,Medical,141275.95,NYSE
SOUTHERN CO,SO,Utilities,41353.12,NYSE
SONOCO PRODUCTS,SON,Industrial Products,4185.33,NYSE
SOURCE CAPITAL,SOR,Finance,625.15,NYSE
SPECTRUM BRANDS,SPB,Consumer Discretionary,5912.57,NYSE
STANDARD PAC,SPF,Construction,2345.89,NYSE
SIMON PROPERTY,SPG,Finance,59667.16,NYSE
SUBURB PROPANE,SPH,Oils-Energy,2238.51,NYSE
STEEL PTNRS HLD,SPLP,Conglomerates,463.17,NYSE
SUPERIOR ENERGY,SPN,Oils-Energy,2497.86,NYSE
SPIRIT AEROSYS,SPR,Aerospace,7764,NYSE
SPX CORP,SPW,Auto-Tires-Trucks,2653.98,NYSE
SOC QUIMICA MIN,SQM,Basic Materials,3605.8,NYSE
SPIRIT REALTY,SRC,Finance,4560.14,NYSE
SEMPRA ENERGY,SRE,Utilities,25213.55,NYSE
SERITAGE GROWTH,SRG,Finance,2005.11,NYSE
STONERIDGE INC,SRI,Computer and Technology,338.58,NYSE
SPRAGUE RESRCS,SRLP,Oils-Energy,262.45,NYSE
SIMPSON MFG INC,SSD,Construction,1748.82,NYSE
STAGE STORES,SSI,Retail-Wholesale,532.59,NYSE
SASOL LTD -ADR,SSL,Oils-Energy,21105.83,NYSE
SILVER SPRING,SSNI,Computer and Technology,661.52,NYSE
EW SCRIPPS CO,SSP,Consumer Discretionary,1704.77,NYSE
SOVRAN SLF STOR,SSS,Finance,3433.61,NYSE
SHUTTERSTOCK,SSTK,Computer and Technology,1206.79,NYSE
SEASPAN CORP,SSW,Transportation,1753.57,NYSE
SENSATA TECHNOL,ST,Computer and Technology,8553.28,NYSE
STAG INDUSTRIAL,STAG,Finance,1300.97,NYSE
ISTAR FINL INC,STAR,Finance,1056.76,NYSE
EXTENDED STAY,STAY,Consumer Discretionary,3787.22,NYSE
STEWART INFO SV,STC,Finance,918.63,NYSE
STERIS CORP,STE,Medical,4026.1,NYSE
SUNTRUST BKS,STI,Finance,22726.63,NYSE
ST JUDE MEDICAL,STJ,Medical,20009.12,NYSE
STERLING BANCP,STL,Finance,1335.95,NYSE
STMICROELECTRON,STM,Computer and Technology,6781.75,NYSE
STANTEC INC,STN,Business Services,2408.76,NYSE
SCORPIO TANKERS,STNG,Transportation,1926.35,NYSE
STATOIL ASA-ADR,STO,Oils-Energy,52931.54,NYSE
STONEMOR PTNRS,STON,Consumer Staples,821.45,NYSE
STORE CAPITAL,STOR,Finance,2703.19,NYSE
QUESTAR,STR,Utilities,3735.59,NYSE
STATE ST CORP,STT,Finance,32321,NYSE
STARWOOD PROPRT,STWD,Finance,5217.77,NYSE
CONSTELLATN BRD,STZ,Consumer Staples,24131.59,NYSE
CONSTELTN BRD-B,STZ.B,Consumer Staples,24037.82,NYSE
SUNCOR ENERGY,SU,Oils-Energy,41134.41,NYSE
SUN CMNTYS INC,SUI,Finance,3643.26,NYSE
SUMMIT MATERLS,SUM,Construction,684.3,NYSE
SUNOCO LP,SUN,Oils-Energy,1090.57,NYSE
SUNEDISON INC,SUNE,Computer and Technology,4707.01,NYSE
SUPERIOR INDS,SUP,Auto-Tires-Trucks,522.05,NYSE
SUPERVALU INC,SVU,Consumer Staples,2360.32,NYSE
STARWOOD WAYPNT,SWAY,Finance,949.74,NYSE
STILLWATER MNG,SWC,Basic Materials,1016.81,NYSE
SWIFT TRANSPORT,SWFT,Transportation,3244.73,NYSE
SOLARWINDS INC,SWI,Computer and Technology,3169.07,NYSE
STANLEY B&D INC,SWK,Industrial Products,16042.59,NYSE
SCHWEITZER-MAUD,SWM,Consumer Staples,1126.32,NYSE
SOUTHWESTRN ENE,SWN,Oils-Energy,6497.85,NYSE
SOUTHWEST GAS,SWX,Utilities,2533.27,NYSE
SWISS HELVETIA,SWZ,Finance,328.55,NYSE
SUNCOKE ENERGY,SXC,Oils-Energy,764.3,NYSE
SUNCOKE ENERGY,SXCP,Oils-Energy,381.66,NYSE
STANDEX INTL CO,SXI,Industrial Products,905.12,NYSE
SUNOCO LOGISTIC,SXL,Oils-Energy,8184.61,NYSE
SENSIENT TECH,SXT,Basic Materials,3161.09,NYSE
SYMETRA FINL CP,SYA,Finance,3108.91,NYSE
SYNCHRONY FIN,SYF,Finance,28331.33,NYSE
STRYKER CORP,SYK,Medical,38009.77,NYSE
SYNGENTA AG-ADR,SYT,Basic Materials,37656.67,NYSE
SYSTEMAX INC,SYX,Retail-Wholesale,319.21,NYSE
SYSCO CORP,SYY,Consumer Staples,21927.63,NYSE
AT&T INC,T,Computer and Technology,210307.41,NYSE
TRAVELCENTERS,TA,Retail-Wholesale,504.24,NYSE
TRANSALTA CORP,TAC,Utilities,1605.03,NYSE
TAHOE RESOURCES,TAHO,Basic Materials,1789.81,NYSE
TAL INTL GRP,TAL,Transportation,648.45,NYSE
MOLSON COORS-B,TAP,Consumer Staples,13549.94,NYSE
TARO PHARMA IND,TARO,Medical,5788.9,NYSE
TRUEBLUE INC,TBI,Business Services,1028.81,NYSE
TRIANGLE CAP CP,TCAP,Finance,653.56,NYSE
TCF FINL CORP,TCB,Finance,2795.26,NYSE
TECK RESOURCES,TCK,Basic Materials,4041.28,NYSE
TAUBMAN CENTERS,TCO,Finance,4625.59,NYSE
TC PIPELINES,TCP,Oils-Energy,3203.18,NYSE
CONTAINER STORE,TCS,Consumer Discretionary,813.33,NYSE
TORONTO DOM BNK,TD,Finance,73818.34,NYSE
TERADATA CORP,TDC,Computer and Technology,4444.74,NYSE
TEMPLETON DR FD,TDF,Finance,800.77,NYSE
TRANSDIGM GROUP,TDG,Aerospace,12516.48,NYSE
TELADOC INC,TDOC,Medical,1142.13,NYSE
TELEPHONE &DATA,TDS,Utilities,3180.81,NYSE
TIDEWATER INC,TDW,Transportation,849.6,NYSE
TELEDYNE TECH,TDY,Aerospace,3655.99,NYSE
TECO ENERGY,TE,Utilities,5205.6,NYSE
TELEFONICA S.A.,TEF,Utilities,74229.84,NYSE
TALLGRASS ENRGY,TEGP,Oils-Energy,1348.23,NYSE
TE CONNECT-LTD,TEL,Computer and Technology,24911.59,NYSE
TENNECO INC,TEN,Auto-Tires-Trucks,3053.94,NYSE
TELECOM ARGENTI,TEO,Utilities,3324.22,NYSE
TALLGRASS ENRGY,TEP,Oils-Energy,2616.88,NYSE
TERADYNE INC,TER,Computer and Technology,4061.26,NYSE
TEVA PHARM ADR,TEVA,Medical,59796.61,NYSE
TEREX CORP,TEX,Industrial Products,2261.14,NYSE
TELEFLEX INC,TFX,Medical,5583.56,NYSE
TREDEGAR CORP,TG,Basic Materials,528.35,NYSE
TEXTAINER GROUP,TGH,Transportation,1109.24,NYSE
TRIUMPH GRP INC,TGI,Aerospace,2583.19,NYSE
TEGNA INC,TGNA,Consumer Discretionary,6029.83,NYSE
TEEKAY LNG PTNR,TGP,Transportation,2096.73,NYSE
TRANSPORTADORA,TGS,Oils-Energy,697.57,NYSE
TARGET CORP,TGT,Retail-Wholesale,50428.1,NYSE
TENET HEALTH,THC,Medical,5297.8,NYSE
HANOVER INSURAN,THG,Finance,3600.85,NYSE
THOR INDS INC,THO,Construction,2934.12,NYSE
THERMON GROUP,THR,Computer and Technology,738.94,NYSE
TREEHOUSE FOODS,THS,Consumer Staples,3411.14,NYSE
TELECOM ITA-ADR,TI,Utilities,25900.46,NYSE
TELECOM ITAL-A,TI.A,Computer and Technology,6562.44,NYSE
TIER REIT INC,TIER,Finance,888.08,NYSE
TIFFANY & CO,TIF,Retail-Wholesale,12059.58,NYSE
TIME INC,TIME,Consumer Staples,2340.78,NYSE
TEAM INC,TISI,Business Services,941.95,NYSE
TJX COS INC NEW,TJX,Retail-Wholesale,47375.21,NYSE
TEEKAY CORP,TK,Transportation,2431.94,NYSE
TURKCELL IL-ADR,TKC,Computer and Technology,9609.6,NYSE
TIMKEN CO,TKR,Industrial Products,2765.27,NYSE
TELEKOMUNIK-ADR,TLK,Utilities,21848.4,NYSE
TESORO LOGISTIC,TLLP,Oils-Energy,4395.83,NYSE
TALEN ENERGY CP,TLN,Utilities,1860.68,NYSE
TRANSMONTN PTNR,TLP,Oils-Energy,511.81,NYSE
TOYOTA MOTOR CP,TM,Auto-Tires-Trucks,204487.36,NYSE
TEAM HEALTH HLD,TMH,Medical,4598.29,NYSE
TAYLOR MORRISON,TMHC,Construction,2428.36,NYSE
TORCHMARK CORP,TMK,Finance,7814.91,NYSE
THERMO FISHER,TMO,Medical,54202.34,NYSE
TIMKENSTEEL CP,TMST,Basic Materials,829.91,NYSE
T-MOBILE US INC,TMUS,Computer and Technology,32888.36,NYSE
TENNANT CO,TNC,Industrial Products,1101.69,NYSE
TRINET GROUP,TNET,Business Services,1305.47,NYSE
TERRA NITROGEN,TNH,Basic Materials,2130.51,NYSE
TEEKAY TANKERS,TNK,Transportation,705.36,NYSE
TSAKOS EGY NAVG,TNP,Transportation,781.04,NYSE
TOLL BROTHERS,TOL,Construction,6624.99,NYSE
TEEKAY OFFSHORE,TOO,Transportation,1492.26,NYSE
TOTAL FINA SA,TOT,Oils-Energy,113966.3,NYSE
TOWER INTL INC,TOWR,Auto-Tires-Trucks,586.77,NYSE
TUTOR PERINI CP,TPC,Construction,833.51,NYSE
TRI POINTE HOME,TPH,Construction,2392.33,NYSE
TEXAS PAC LTD,TPL,Finance,1095.44,NYSE
THIRD PT REINSR,TPRE,Finance,1491.24,NYSE
TRIBUNE PUBLSHG,TPUB,Consumer Staples,350.57,NYSE
TEMPUR SEALY,TPX,Retail-Wholesale,4675.13,NYSE
TOOTSIE ROLL,TR,Consumer Staples,1986.53,NYSE
TEJON RANCH,TRC,Finance,510.12,NYSE
TRIBUNE MEDIA,TRCO,Consumer Discretionary,4279.73,NYSE
TRECORA RESRCS,TREC,Basic Materials,327.75,NYSE
TREX COMPANY,TREX,Construction,1285.29,NYSE
TARGA RESOURCES,TRGP,Oils-Energy,4141.89,NYSE
THOMSON REUTERS,TRI,Business Services,31729.31,NYSE
SPEEDWAY MOTORS,TRK,Consumer Discretionary,861.27,NYSE
TRINITY INDS IN,TRN,Transportation,4142.46,NYSE
TERRENO REALTY,TRNO,Finance,898.95,NYSE
TRONOX LTD,TROX,Basic Materials,681.48,NYSE
TRANSCDA CORP,TRP,Oils-Energy,26129.94,NYSE
TURQUOISE HILL,TRQ,Basic Materials,6580.22,NYSE
TRC COS,TRR,Industrial Products,282.11,NYSE
TRANSUNION,TRU,Business Services,4781.45,NYSE
TRAVELERS COS,TRV,Finance,32826.01,NYSE
TENARIS SA-ADR,TS,Industrial Products,15028.22,NYSE
TRINSEO SA,TSE,Basic Materials,1438.46,NYSE
TCW STRAT IN FD,TSI,Finance,250.36,NYSE
TRINA SOLAR LTD,TSL,Oils-Energy,750.65,NYSE
TPG SPECIALTY,TSLX,Finance,969.32,NYSE
TAIWAN SEMI-ADR,TSM,Computer and Technology,109061.59,NYSE
TYSON FOODS  A,TSN,Consumer Staples,15667.38,NYSE
TESORO CORP,TSO,Oils-Energy,12838.64,NYSE
TOTAL SYS SVC,TSS,Business Services,8653.45,NYSE
TIM PARTICP-ADR,TSU,Computer and Technology,6215.14,NYSE
TORO CO,TTC,Consumer Discretionary,3765.15,NYSE
TETRA TECH DEL,TTI,Oils-Energy,413.32,NYSE
TATA MOTORS-ADR,TTM,Auto-Tires-Trucks,19286.33,NYSE
TELUS CORP,TU,Utilities,20550.6,NYSE
TUMI HLDGS INC,TUMI,Consumer Discretionary,1332.95,NYSE
TUPPERWARE BRND,TUP,Consumer Staples,2848.58,NYSE
GRUPO TELEVISA,TV,Consumer Discretionary,19011.72,NYSE
TRAVELPORT WWD,TVPT,Retail-Wholesale,1713.36,NYSE
TIME WARNER CAB,TWC,Consumer Discretionary,53456.62,NYSE
TITAN INTL INC,TWI,Industrial Products,492.33,NYSE
TWO HARBORS INV,TWO,Finance,3577.78,NYSE
TWITTER INC,TWTR,Computer and Technology,17705.09,NYSE
TIME WARNER INC,TWX,Consumer Discretionary,66075.35,NYSE
TERNIUM SA-ADR,TX,Basic Materials,2963.01,NYSE
TEXTRON INC,TXT,Aerospace,11734.11,NYSE
TEXTURA CORP,TXTR,Computer and Technology,734.17,NYSE
TRI CONTL,TY,Finance,1283.52,NYSE
TYCO INTL PLC,TYC,Industrial Products,16009.18,NYSE
TORTOISE EGY IC,TYG,Finance,1548.55,NYSE
TYLER TECH INC,TYL,Computer and Technology,4708.79,NYSE
UNDER ARMOUR-A,UA,Consumer Discretionary,21119.78,NYSE
UNITED CONT HLD,UAL,Transportation,21434.22,NYSE
UNIVL AMERICAN,UAM,Finance,605.5,NYSE
CVR PARTNERS LP,UAN,Basic Materials,781.68,NYSE
URSTADT BIDDL-A,UBA,Finance,669.61,NYSE
URSTADT BIDDLE,UBP,Finance,620.78,NYSE
UBS GROUP AG,UBS,Finance,84348.46,NYSE
UDR INC,UDR,Finance,8900.15,NYSE
URBAN EDGE PROP,UE,Finance,2211.56,NYSE
UNIFI INC,UFI,Industrial Products,550.32,NYSE
DOMTAR CORP,UFS,Basic Materials,2553.77,NYSE
UGI CORP,UGI,Utilities,6061.58,NYSE
ULTRAPAR PA-ADR,UGP,Oils-Energy,10493.8,NYSE
UNIVL HLTH SVCS,UHS,Medical,14142.96,NYSE
UNIVL HLTH RLTY,UHT,Finance,647.14,NYSE
UIL HOLDINGS CP,UIL,Utilities,2642.32,NYSE
UNISYS,UIS,Computer and Technology,733.03,NYSE
UNILEVER PLC,UL,Consumer Staples,57584.83,NYSE
UTD MICROELECTR,UMC,Computer and Technology,4469.04,NYSE
UNILEVER N V,UN,Consumer Staples,78963.23,NYSE
UNIFIRST CORP,UNF,Industrial Products,2283.88,NYSE
UNITEDHEALTH GP,UNH,Medical,116163.04,NYSE
UNUM GROUP,UNM,Finance,8656.04,NYSE
UNION PAC CORP,UNP,Transportation,80261.51,NYSE
UNIT CORP,UNT,Oils-Energy,825.57,NYSE
UNIVAR INC,UNVR,Basic Materials,3232.1,NYSE
ULTRA PETRO CP,UPL,Oils-Energy,1020.63,NYSE
UTD PARCEL SRVC,UPS,Transportation,92053.37,NYSE
UTD RENTALS INC,URI,Construction,6085.56,NYSE
LIBERTY ALLSTAR,USA,Finance,1007.73,NYSE
USA COMPRESSION,USAC,Oils-Energy,558.96,NYSE
US BANCORP,USB,Finance,79709.37,NYSE
USG CORP,USG,Construction,4574.37,NYSE
US CELLULAR,USM,Computer and Technology,3181.57,NYSE
USANA HLTH SCI,USNA,Medical,2025.06,NYSE
US PHYSICAL THR,USPH,Medical,632.6,NYSE
UNITIL CORP,UTL,Utilities,499.33,NYSE
UTD TECHS CORP,UTX,Conglomerates,87536.88,NYSE
UNIVL INSUR HLD,UVE,Finance,1016.98,NYSE
UNIVL CORP -VA,UVV,Consumer Staples,1139.07,NYSE
VISA INC-A,V,Business Services,164457.44,NYSE
MARRIOT VAC WW,VAC,Consumer Discretionary,2537.84,NYSE
VALSPAR CORP,VAL,Construction,6587.59,NYSE
VALE SA,VALE,Basic Materials,27209.82,NYSE
VARIAN MEDICAL,VAR,Medical,8593.52,NYSE
VISTEON CORP,VC,Auto-Tires-Trucks,4520.86,NYSE
VINA CONCHA-ADR,VCO,Consumer Staples,1189.23,NYSE
VOCERA COMM INC,VCRA,Computer and Technology,292.52,NYSE
INV VK CA VALU,VCV,Finance,595.82,NYSE
VECTRUS INC,VEC,Business Services,267.57,NYSE
VEDANTA LTD,VEDL,Basic Materials,6010.92,NYSE
VEEVA SYSTEMS-A,VEEV,Computer and Technology,3376.57,NYSE
VEREIT INC,VER,Finance,7865.65,NYSE
VERMILION EGY,VET,Oils-Energy,3711.83,NYSE
V F CORP,VFC,Consumer Discretionary,32208.86,NYSE
VONAGE HOLDINGS,VG,Computer and Technology,1328.55,NYSE
INV VK TR INV,VGM,Finance,691.37,NYSE
VECTOR GRP LTD,VGR,Consumer Staples,2917.27,NYSE
VALHI INC,VHI,Basic Materials,1319.22,NYSE
VIPSHOP HOLDNGS,VIPS,Computer and Technology,10447.67,NYSE
TELEF BRASIL SA,VIV,Utilities,13378.15,NYSE
INV VK MUN TR,VKQ,Finance,674.35,NYSE
VALERO ENERGY,VLO,Oils-Energy,33273.98,NYSE
VALERO EGY PTNR,VLP,Oils-Energy,1413.18,NYSE
CONTROLADORA VL,VLRS,Transportation,1231.64,NYSE
VALLEY NATL BCP,VLY,Finance,2316.9,NYSE
VULCAN MATLS CO,VMC,Construction,12537.7,NYSE
VALMONT INDS,VMI,Industrial Products,2588.78,NYSE
INV VK MUN OPP,VMO,Finance,845.11,NYSE
VMWARE INC-A,VMW,Computer and Technology,35888.99,NYSE
VINCE HOLDNG CP,VNCE,Consumer Discretionary,341.27,NYSE
VORNADO RLTY TR,VNO,Finance,17931.72,NYSE
VANTIV INC-A,VNTV,Business Services,8299.28,NYSE
VOYA FINANCIAL,VOYA,Finance,10328.52,NYSE
INV VK PA VALU,VPV,Finance,290.73,NYSE
VALIDUS HOLDING,VR,Finance,3859.94,NYSE
VERITIV CORP,VRTV,Basic Materials,575.84,NYSE
VALEANT PHARMA,VRX,Medical,84939.69,NYSE
VISHAY INTERTEC,VSH,Computer and Technology,1553.91,NYSE
VITAMIN SHOPPE,VSI,Retail-Wholesale,1103.76,NYSE
VIVINT SOLAR,VSLR,Oils-Energy,1418.27,NYSE
VISTA OUTDOOR,VSTO,Consumer Discretionary,3030.15,NYSE
INV VK INVT NY,VTN,Finance,261.53,NYSE
VENTAS INC,VTR,Finance,22410.64,NYSE
VTTI EGY PTNRS,VTTI,Oils-Energy,407.73,NYSE
VECTREN CORP,VVC,Utilities,3471.24,NYSE
VIAD CORP,VVI,Business Services,568.99,NYSE
VERIZON COMM,VZ,Computer and Technology,188485.44,NYSE
WAYFAIR INC,W,Retail-Wholesale,3050.52,NYSE
WABTECH,WAB,Transportation,9441.18,NYSE
WALTER INV MGMT,WAC,Finance,695.02,NYSE
WAGEWORKS INC,WAGE,Business Services,1725.65,NYSE
WESCO AIRCRAFT,WAIR,Aerospace,1314.49,NYSE
WESTERN ALLIANC,WAL,Finance,3433.75,NYSE
WATERS CORP,WAT,Computer and Technology,10910.51,NYSE
500.COM LTD-A,WBAI,Consumer Discretionary,719.64,NYSE
WABCO HOLDINGS,WBC,Auto-Tires-Trucks,7157.58,NYSE
WESTPAC BK ADR,WBK,Finance,74946.66,NYSE
WEBSTER FINL CP,WBS,Finance,3522.34,NYSE
WESCO INTL INC,WCC,Computer and Technology,2477.01,NYSE
WELLCARE HEALTH,WCG,Medical,3769.11,NYSE
WCI COMMUNITIES,WCIC,Finance,627.99,NYSE
WASTE CONNCTION,WCN,Business Services,6127.41,NYSE
WALKER & DUNLOP,WD,Finance,703.01,NYSE
WORKDAY INC-A,WDAY,Computer and Technology,15759.41,NYSE
WADDELL&REED -A,WDR,Finance,3700.47,NYSE
WEC ENERGY GRP,WEC,Utilities,15797.38,NYSE
WESTERN GAS PTR,WES,Oils-Energy,6967.48,NYSE
WEX INC,WEX,Business Services,3810.7,NYSE
WOORI BANK,WF,Finance,5511.67,NYSE
WELLS FARGO-NEW,WFC,Finance,295694.66,NYSE
WEATHERFORD INT,WFT,Oils-Energy,7892.51,NYSE
WGL HLDGS INC,WGL,Utilities,2749.52,NYSE
WINNEBAGO,WGO,Construction,590.66,NYSE
WESTERN GAS EP,WGP,Oils-Energy,12035.89,NYSE
WESTWOOD HLDGS,WHG,Finance,512.19,NYSE
WHIRLPOOL CORP,WHR,Consumer Discretionary,13363.21,NYSE
WIPRO LTD-ADR,WIT,Computer and Technology,30838.35,NYSE
WORKIVA INC,WK,Computer and Technology,405.34,NYSE
WILLIAM LYON HM,WLH,Construction,668.54,NYSE
WESTLAKE CHEM,WLK,Basic Materials,8364.99,NYSE
WESTLAKE CHEMCL,WLKP,Basic Materials,298.26,NYSE
WHITING PETROLM,WLL,Oils-Energy,3658.24,NYSE
WASTE MGMT-NEW,WM,Business Services,22956.21,NYSE
WILLIAMS COS,WMB,Oils-Energy,36585.89,NYSE
WESTERN AST MTG,WMC,Finance,553.76,NYSE
WEIS MKTS INC,WMK,Retail-Wholesale,1142.09,NYSE
ADV DRAINAG SYS,WMS,Construction,1477.74,NYSE
WAL-MART STORES,WMT,Retail-Wholesale,229464.13,NYSE
WABASH NATIONAL,WNC,Auto-Tires-Trucks,904.21,NYSE
WESTERN REFING,WNR,Oils-Energy,4530.42,NYSE
WESTERN REF LOG,WNRL,Oils-Energy,547.35,NYSE
WNS HLDGS-ADR,WNS,Business Services,1543.46,NYSE
WORTHINGTON IND,WOR,Industrial Products,1775.2,NYSE
WP CAREY INC,WPC,Finance,6355.23,NYSE
WP GLIMCHER INC,WPG,Finance,2427.87,NYSE
WAUSAU PAPER CP,WPP,Basic Materials,431.6,NYSE
WORLD POINT TER,WPT,Oils-Energy,272.33,NYSE
WPX ENERGY INC,WPX,Oils-Energy,1850.22,NYSE
WILLIAMS PTR LP,WPZ,Oils-Energy,23691.92,NYSE
WESTAR ENERGY,WR,Utilities,5023.68,NYSE
BERKLEY (WR) CP,WRB,Finance,6928.81,NYSE
WASHINGTON REIT,WRE,Finance,1798.8,NYSE
WEINGARTEN RLTY,WRI,Finance,4313.04,NYSE
WESTROCK CO,WRK,Basic Materials,10498.57,NYSE
WILLIS GP HLDGS,WSH,Finance,8315.92,NYSE
WILLIAMS-SONOMA,WSM,Retail-Wholesale,7783.92,NYSE
WATSCO INC,WSO,Construction,4486.72,NYSE
WATSCO INC-CL B,WSO.B,Construction,4447.65,NYSE
WHITESTONE REIT,WSR,Finance,340.21,NYSE
WEST PHARM SVC,WST,Medical,4297.92,NYSE
WHITE MTN INS,WTM,Finance,4363.45,NYSE
AQUA AMER INC,WTR,Utilities,4557.78,NYSE
WATTS WATER TEC,WTS,Computer and Technology,1931.05,NYSE
WEIGHT WATCHERS,WTW,Consumer Discretionary,339.66,NYSE
WESTERN UNION,WU,Business Services,10433.21,NYSE
58.COM INC-ADR,WUBA,Computer and Technology,6587.69,NYSE
WHITEWAVE FOODS,WWAV,Consumer Staples,8670.04,NYSE
WORLD WRESTLING,WWE,Consumer Discretionary,1659.5,NYSE
WOLVERINE WORLD,WWW,Consumer Discretionary,2897.14,NYSE
WUXI PHARMATECH,WX,Medical,2968.32,NYSE
WEYERHAEUSER CO,WY,Construction,15970.86,NYSE
WYNDHAM WORLDWD,WYN,Consumer Discretionary,9283.52,NYSE
UTD STATES STL,X,Basic Materials,3002.49,NYSE
CIMAREX ENERGY,XEC,Oils-Energy,10388.94,NYSE
XCEL ENERGY INC,XEL,Utilities,17879.19,NYSE
XENIA HTLS&RSRT,XHR,Finance,2216.67,NYSE
XL GROUP PLC,XL,Finance,11844.23,NYSE
EXXON MOBIL CRP,XOM,Oils-Energy,320304.28,NYSE
INTREXON CORP,XON,Medical,6501.23,NYSE
XO GROUP INC,XOXO,Computer and Technology,415.3,NYSE
XPO LOGISTICS,XPO,Transportation,3879,NYSE
TAL EDUCATN-ADR,XRS,Consumer Discretionary,2702.69,NYSE
XEROX CORP,XRX,Business Services,11628.49,NYSE
XUEDA EDUC-ADR,XUE,Consumer Discretionary,314.74,NYSE
XYLEM INC,XYL,Industrial Products,6080.22,NYSE
ALLEGHANY CORP,Y,Finance,7905.76,NYSE
YADKIN FINL CP,YDKN,Finance,676.73,NYSE
YELP INC,YELP,Computer and Technology,1895.83,NYSE
YOUKU.COM- ADR,YOKU,Computer and Technology,3924.4,NYSE
YPF SA D CV ADR,YPF,Oils-Energy,9329.38,NYSE
YUM! BRANDS INC,YUM,Retail-Wholesale,37777.96,NYSE
YANZHOU COAL,YZC,Oils-Energy,2788.73,NYSE
ZAYO GROUP HLDG,ZAYO,Computer and Technology,6687.61,NYSE
ZIMMER BIOMET,ZBH,Medical,20661.97,NYSE
ZENDESK INC,ZEN,Computer and Technology,1902.68,NYSE
ZWEIG FUND,ZF,Finance,287.83,NYSE
CHINA SOUTH-ADR,ZNH,Transportation,10027.65,NYSE
ZOES KITCHEN,ZOES,Retail-Wholesale,818.03,NYSE
ZHAOPIN ADR,ZPIN,Business Services,729.14,NYSE
ZWEIG TOTAL RET,ZTR,Finance,408.42,NYSE
ZOETIS INC,ZTS,Medical,24153.26,NYSE
